AccusedId,Qid,year,latitude,longitude
A/EGD/1000,Q652035,1628,55.06666667,-3.616666667
A/EGD/1001,Q652035,1628,55.06666667,-3.616666667
A/EGD/1002,Q182923,1628,56.11944444,-3.935833333
A/EGD/1003,Q7242055,1628,55.9597,-2.961
A/EGD/1004,Q7242055,1628,55.9597,-2.961
A/EGD/1005,Q7242055,1628,55.9597,-2.961
A/EGD/1006,Q7242055,1628,55.9597,-2.961
A/EGD/1007,Q1018540,1628,55.9801,-3.17005
A/EGD/1008,Q7242055,1628,55.9597,-2.961
A/EGD/1009,Q7242055,1628,55.9597,-2.961
A/EGD/1010,Q7242055,1628,55.9597,-2.961
A/EGD/1011,Q7242055,1628,55.9597,-2.961
A/EGD/1012,Q7242055,1628,55.9597,-2.961
A/EGD/1015,Q7242055,1628,55.9597,-2.961
A/EGD/1017,Q7242055,1628,55.9597,-2.961
A/EGD/1018,Q1016911,1628,55.97527778,-3.610555556
A/EGD/1019,Q5330694,1628,55.879,-3.0485
A/EGD/1024,Q727520,1628,55.86666667,-3.066666667
A/EGD/1025,Q727520,1628,55.86666667,-3.066666667
A/EGD/1028,Q7242055,1628,55.9597,-2.961
A/EGD/1031,Q1018540,1628,55.9801,-3.17005
A/EGD/1036,Q727520,1628,55.86666667,-3.066666667
A/EGD/1037,Q9372201,1628,53.117,-1.369
A/EGD/1039,Q1020220,1628,57.8118,-4.0567
A/EGD/1040,Q1016287,1628,57.8311,-4.17026
A/EGD/1041,Q1020220,1628,57.8118,-4.0567
A/EGD/1042,Q1020220,1628,57.8118,-4.0567
A/EGD/1043,Q34779,1628,55.94861111,-4.547222222
A/EGD/1044,Q1714424,1628,55.5667,-2.4667
A/EGD/1045,Q1714424,1628,55.5667,-2.4667
A/EGD/1046,Q37718,1628,55.93333333,-3.05
A/EGD/1048,Q1018540,1628,55.9801,-3.17005
A/EGD/1053,Q1010108,1628,55.633,-2.667
A/EGD/1055,Q1009902,1628,55.91,-2.89098
A/EGD/1058,Q1002133,1628,55.99833333,-2.522777778
A/EGD/1059,Q1002133,1628,55.99833333,-2.522777778
A/EGD/1061,Q489551,1628,54.8646,-4.08328
A/EGD/1063,Q1020260,1629,55.86944444,-2.090555556
A/EGD/1071,Q1011507,1629,55.65,-3.18
A/EGD/1072,Q1011507,1629,55.65,-3.18
A/EGD/1073,Q34779,1629,55.94861111,-4.547222222
A/EGD/1076,Q6548286,1629,55.512,-2.595
A/EGD/1079,Q34779,1629,55.94861111,-4.547222222
A/EGD/1080,Q34779,1629,55.94861111,-4.547222222
A/EGD/1082,Q758623,1624,56.2932,-3.70614
A/EGD/1083,Q1002124,1629,55.6749,-3.77702
A/EGD/1085,Q217831,1629,55.95,-4.766666667
A/EGD/1087,Q1002124,1629,55.6749,-3.77702
A/EGD/1088,Q1002124,1629,55.6749,-3.77702
A/EGD/1089,Q1002124,1629,55.6749,-3.77702
A/EGD/1090,Q1002124,1629,55.6749,-3.77702
A/EGD/1091,Q1002124,1629,55.6749,-3.77702
A/EGD/1094,Q1002124,1629,55.6749,-3.77702
A/EGD/1095,Q1002124,1629,55.6749,-3.77702
A/EGD/1096,Q1002124,1629,55.6749,-3.77702
A/EGD/1097,Q1002124,1629,55.6749,-3.77702
A/EGD/1098,Q1002124,1629,55.6749,-3.77702
A/EGD/1099,Q1002124,1629,55.6749,-3.77702
A/EGD/110,Q7242055,1590,55.9597,-2.961
A/EGD/1100,Q1002124,1629,55.6749,-3.77702
A/EGD/1102,Q1002124,1629,55.6749,-3.77702
A/EGD/1103,Q727520,1629,55.86666667,-3.066666667
A/EGD/1104,Q727520,1629,55.86666667,-3.066666667
A/EGD/1107,Q1714424,1629,55.5667,-2.4667
A/EGD/1108,Q1714424,1629,55.5667,-2.4667
A/EGD/1109,Q1002124,1629,55.6749,-3.77702
A/EGD/1115,Q7242055,1629,55.9597,-2.961
A/EGD/1116,Q1011428,1629,55.826,-3.22
A/EGD/1117,Q1011428,1629,55.826,-3.22
A/EGD/1118,Q1011428,1629,55.826,-3.22
A/EGD/1120,Q1011149,1629,55.886672,-2.156753
A/EGD/1121,Q1020260,1629,55.86944444,-2.090555556
A/EGD/1123,Q1020260,1629,55.86944444,-2.090555556
A/EGD/1133,Q1017204,1629,55.7194,-2.74855
A/EGD/1137,Q1017204,1629,55.7194,-2.74855
A/EGD/1142,Q652035,1629,55.06666667,-3.616666667
A/EGD/1143,Q652035,1629,55.06666667,-3.616666667
A/EGD/1144,Q654216,1617,55.46388889,-4.627777778
A/EGD/1145,Q1011149,1629,55.886672,-2.156753
A/EGD/1148,Q1011428,1629,55.826,-3.22
A/EGD/1149,Q1011428,1629,55.826,-3.22
A/EGD/1155,Q652035,1629,55.06666667,-3.616666667
A/EGD/1157,Q1020260,1633,55.86944444,-2.090555556
A/EGD/1158,Q1020260,1633,55.86944444,-2.090555556
A/EGD/116,Q7607595,1594,58.9858,-3.20833
A/EGD/1162,Q1009846,1630,57.601,-1.914
A/EGD/1163,Q1009846,1630,57.601,-1.914
A/EGD/1164,Q654216,1630,55.46388889,-4.627777778
A/EGD/1165,Q654216,1630,55.46388889,-4.627777778
A/EGD/1166,Q652035,1630,55.06666667,-3.616666667
A/EGD/1167,Q3257725,1630,55.1281,-3.4413
A/EGD/1168,Q652035,1630,55.06666667,-3.616666667
A/EGD/1169,Q652035,1630,55.06666667,-3.616666667
A/EGD/1170,Q652035,1630,55.06666667,-3.616666667
A/EGD/1171,Q652035,1630,55.06666667,-3.616666667
A/EGD/1172,Q652035,1630,55.06666667,-3.616666667
A/EGD/1173,Q652035,1630,55.06666667,-3.616666667
A/EGD/1175,Q652035,1630,55.06666667,-3.616666667
A/EGD/1176,Q3995788,1630,56.05,-3.55
A/EGD/1187,Q691685,1630,56.11073056,-3.167369444
A/EGD/1193,Q727520,1630,55.86666667,-3.066666667
A/EGD/1205,Q652035,1630,55.06666667,-3.616666667
A/EGD/1206,Q652035,1630,55.06666667,-3.616666667
A/EGD/1207,Q652035,1630,55.06666667,-3.616666667
A/EGD/1208,Q652035,1630,55.06666667,-3.616666667
A/EGD/1209,Q652035,1630,55.06666667,-3.616666667
A/EGD/121,Q1018540,1597,55.9801,-3.17005
A/EGD/1210,Q652035,1630,55.06666667,-3.616666667
A/EGD/1212,Q425611,1630,55.7784,-2.3426
A/EGD/1213,Q425611,1623,55.7784,-2.3426
A/EGD/1214,Q425611,1629,55.7784,-2.3426
A/EGD/1215,Q1011387,1630,54.81666667,-4.033333333
A/EGD/1216,Q1011387,1630,54.81666667,-4.033333333
A/EGD/1217,Q1011387,1630,54.81666667,-4.033333333
A/EGD/1218,Q1011387,1630,54.81666667,-4.033333333
A/EGD/1221,Q654216,1630,55.46388889,-4.627777778
A/EGD/1225,Q1020220,1630,57.8118,-4.0567
A/EGD/1226,Q1011252,1630,55.4617,-4.36151
A/EGD/1232,Q1016944,1630,57.5091,-1.7832
A/EGD/1584,Q4138314,1661,55.905,-3.13083
A/EGD/1587,Q4138314,1661,55.905,-3.13083
A/EGD/1588,Q4138314,1661,55.905,-3.13083
A/EGD/1590,Q4138314,1661,55.905,-3.13083
A/EGD/1591,Q1011336,1649,55.9447,-2.95417
A/EGD/1594,Q1016911,1649,55.97527778,-3.610555556
A/EGD/1595,Q1016911,1649,55.97527778,-3.610555556
A/EGD/1596,Q1016911,1649,55.97527778,-3.610555556
A/EGD/1597,Q1016911,1649,55.97527778,-3.610555556
A/EGD/1599,Q1016963,1649,55.9667,-2.88333
A/EGD/16,Q211950,1653,56.07138889,-3.461666667
A/EGD/1600,Q896424,1649,56.01681111,-3.608911111
A/EGD/1601,Q1011336,1649,55.9447,-2.95417
A/EGD/1602,Q1011336,1649,55.9447,-2.95417
A/EGD/1603,Q1011336,1649,55.9447,-2.95417
A/EGD/1604,Q5940145,1649,55.8544,-2.86735
A/EGD/1605,Q5940145,1649,55.8544,-2.86735
A/EGD/1606,Q5940145,1649,55.8544,-2.86735
A/EGD/1607,Q5940145,1649,55.8544,-2.86735
A/EGD/1609,Q727520,1649,55.86666667,-3.066666667
A/EGD/1610,Q727520,1649,55.86666667,-3.066666667
A/EGD/1611,Q5940145,1649,55.8544,-2.86735
A/EGD/1613,Q5173194,1649,55.9429,-3.28544
A/EGD/1614,Q5173194,1649,55.9429,-3.28544
A/EGD/1617,Q1009902,1649,55.91,-2.89098
A/EGD/1619,Q727520,1649,55.86666667,-3.066666667
A/EGD/162,Q1020260,1633,55.86944444,-2.090555556
A/EGD/1622,Q1016911,1649,55.97527778,-3.610555556
A/EGD/1623,Q1016911,1649,55.97527778,-3.610555556
A/EGD/1239,Q1016944,1630,57.5091,-1.7832
A/EGD/124,Q2020376,1597,55.8833,-3.11667
A/EGD/1240,Q1016944,1630,57.5091,-1.7832
A/EGD/1241,Q5468100,1630,56.8729,-2.41175
A/EGD/1250,Q1018540,1631,55.9801,-3.17005
A/EGD/1251,Q1018540,1632,55.9801,-3.17005
A/EGD/1252,Q1018540,1632,55.9801,-3.17005
A/EGD/1253,Q615693,1632,55.86666667,-4.366666667
A/EGD/1254,Q217831,1632,55.95,-4.766666667
A/EGD/1258,Q1020260,1633,55.86944444,-2.090555556
A/EGD/126,Q37718,1603,55.93333333,-3.05
A/EGD/1263,Q1020260,1633,55.86944444,-2.090555556
A/EGD/1268,Q652035,1642,55.06666667,-3.616666667
A/EGD/1269,Q12071228,1642,54.8637,-4.0307
A/EGD/1271,Q1140837,1643,57.3367,-3.53993
A/EGD/1281,Q1011368,1644,55.7006,-3.625
A/EGD/1282,Q1002124,1644,55.6749,-3.77702
A/EGD/1283,Q211950,1644,56.07138889,-3.461666667
A/EGD/1284,Q2424554,1644,56.0554,-3.6293
A/EGD/1288,Q1017196,1644,54.8675,-4.443888889
A/EGD/1289,Q1001935,1644,54.90138889,-5.035
A/EGD/1290,Q1017187,1644,54.878,-4.811
A/EGD/1291,Q1001935,1644,54.90138889,-5.035
A/EGD/1292,Q1017196,1644,54.8675,-4.443888889
A/EGD/1294,Q1011368,1644,55.7006,-3.625
A/EGD/1295,Q1011368,1644,55.7006,-3.625
A/EGD/1296,Q1011368,1644,55.7006,-3.625
A/EGD/1297,Q1011368,1644,55.7006,-3.625
A/EGD/1298,Q1002124,1644,55.6749,-3.77702
A/EGD/130,Q7242055,1607,55.9597,-2.961
A/EGD/1300,Q2020424,1649,56.048,-2.785
A/EGD/1309,Q1016963,1649,55.9667,-2.88333
A/EGD/1317,Q1020260,1649,55.86944444,-2.090555556
A/EGD/1319,Q1010381,1649,55.8021,-2.209
A/EGD/1321,Q1020260,1649,55.86944444,-2.090555556
A/EGD/1329,Q1011521,1649,56.05,-3.233333333
A/EGD/133,Q1016963,1608,55.9667,-2.88333
A/EGD/1330,Q1011521,1649,56.05,-3.233333333
A/EGD/1341,Q1016911,1649,55.97527778,-3.610555556
A/EGD/1348,Q615693,1650,55.86666667,-4.366666667
A/EGD/1349,Q615693,1650,55.86666667,-4.366666667
A/EGD/1350,Q615693,1650,55.86666667,-4.366666667
A/EGD/1351,Q615693,1650,55.86666667,-4.366666667
A/EGD/1352,Q615693,1650,55.86666667,-4.366666667
A/EGD/1353,Q3307907,1660,56.1667,-3.55
A/EGD/1354,Q184579,1661,53.58333333,-2.433333333
A/EGD/1355,Q184579,1661,53.58333333,-2.433333333
A/EGD/1359,Q184579,1661,53.58333333,-2.433333333
A/EGD/136,Q1016963,1591,55.9667,-2.88333
A/EGD/1361,Q184579,1661,53.58333333,-2.433333333
A/EGD/1362,Q184579,1661,53.58333333,-2.433333333
A/EGD/1363,Q1002133,1661,55.99833333,-2.522777778
A/EGD/1364,Q1010347,1661,56.0371,-2.8265
A/EGD/1365,Q182923,1658,56.11944444,-3.935833333
A/EGD/1366,Q1009852,1661,55.9122,-2.94306
A/EGD/1367,Q1009852,1661,55.9122,-2.94306
A/EGD/1368,Q1002133,1661,55.99833333,-2.522777778
A/EGD/1369,Q1002133,1661,55.99833333,-2.522777778
A/EGD/137,Q654216,1609,55.46388889,-4.627777778
A/EGD/1370,Q1002133,1661,55.99833333,-2.522777778
A/EGD/1371,Q1002133,1661,55.99833333,-2.522777778
A/EGD/1372,Q1002133,1661,55.99833333,-2.522777778
A/EGD/1379,Q1009852,1661,55.9122,-2.94306
A/EGD/1380,Q1009852,1661,55.9122,-2.94306
A/EGD/1381,Q1009852,1661,55.9122,-2.94306
A/EGD/1383,Q1009852,1661,55.9122,-2.94306
A/EGD/1384,Q727520,1661,55.86666667,-3.066666667
A/EGD/1385,Q1010316,1661,55.6184,-3.05901
A/EGD/1389,Q996509,1661,56.64305556,-2.89
A/EGD/1390,Q1010381,1661,55.8021,-2.209
A/EGD/1391,Q1010381,1661,55.8021,-2.209
A/EGD/1392,Q1020260,1661,55.86944444,-2.090555556
A/EGD/1398,Q996509,1661,56.64305556,-2.89
A/EGD/1399,Q15059195,1661,56.695459,-2.858838
A/EGD/140,Q45848,1613,56.73,-2.655277778
A/EGD/1400,Q996509,1661,56.64305556,-2.89
A/EGD/1401,Q7321735,1662,56.3648,-3.36614
A/EGD/1402,Q1020950,1662,55.912,-4.8735
A/EGD/1403,Q2469984,1662,55.95,-4.82
A/EGD/1404,Q217831,1662,55.95,-4.766666667
A/EGD/1405,Q7321735,1662,56.3648,-3.36614
A/EGD/1406,Q7321735,1662,56.3648,-3.36614
A/EGD/1407,Q7321735,1662,56.3648,-3.36614
A/EGD/1409,Q3776682,1662,55.9573,-2.45043
A/EGD/1410,Q1010316,1662,55.6184,-3.05901
A/EGD/1413,Q5459749,1662,56.3895,-3.09518
A/EGD/1414,Q5459749,1662,56.3895,-3.09518
A/EGD/1418,Q1012047,1662,56.3194,-3.01155
A/EGD/1419,Q1012047,1662,56.3194,-3.01155
A/EGD/1420,Q781885,1662,56.2,-3.42
A/EGD/1421,Q3815260,1662,56.3667,-3
A/EGD/1422,Q3815260,1662,56.3667,-3
A/EGD/1423,Q1011428,1662,55.826,-3.22
A/EGD/1429,Q1012047,1662,56.3194,-3.01155
A/EGD/1430,Q1009891,1662,56.2277,-3.41449
A/EGD/1431,Q781885,1662,56.2,-3.42
A/EGD/1432,Q781885,1662,56.2,-3.42
A/EGD/1434,Q15059195,1662,56.695459,-2.858838
A/EGD/1435,Q1012047,1662,56.3194,-3.01155
A/EGD/1436,Q1012047,1662,56.3194,-3.01155
A/EGD/1437,Q1012047,1662,56.3194,-3.01155
A/EGD/1438,Q1012047,1662,56.3194,-3.01155
A/EGD/1439,Q1012047,1662,56.3194,-3.01155
A/EGD/1442,Q996509,1662,56.64305556,-2.89
A/EGD/1443,Q996509,1662,56.64305556,-2.89
A/EGD/1444,Q996509,1662,56.64305556,-2.89
A/EGD/1447,Q1011149,1662,55.886672,-2.156753
A/EGD/1448,Q1011149,1662,55.886672,-2.156753
A/EGD/1450,Q1020260,1662,55.86944444,-2.090555556
A/EGD/1453,Q1020260,1662,55.86944444,-2.090555556
A/EGD/1454,Q1020260,1662,55.86944444,-2.090555556
A/EGD/1458,Q7321735,1662,56.3648,-3.36614
A/EGD/1459,Q7321735,1662,56.3648,-3.36614
A/EGD/1460,Q980084,1662,57.58333333,-3.866666667
A/EGD/1461,Q7321735,1662,56.3648,-3.36614
A/EGD/1462,Q7321735,1662,56.3648,-3.36614
A/EGD/1463,Q7321735,1662,56.3648,-3.36614
A/EGD/1464,Q5459749,1662,56.3895,-3.09518
A/EGD/1465,Q1012047,1662,56.3194,-3.01155
A/EGD/1466,Q1012047,1662,56.3194,-3.01155
A/EGD/1467,Q3307907,1662,56.1667,-3.55
A/EGD/1468,Q3307907,1662,56.1667,-3.55
A/EGD/1469,Q3307907,1662,56.1667,-3.55
A/EGD/1470,Q3307907,1662,56.1667,-3.55
A/EGD/1471,Q3307907,1662,56.1667,-3.55
A/EGD/1472,Q3307907,1662,56.1667,-3.55
A/EGD/1473,Q3307907,1662,56.1667,-3.55
A/EGD/1474,Q3307907,1662,56.1667,-3.55
A/EGD/1475,Q3307907,1662,56.1667,-3.55
A/EGD/1476,Q3307907,1662,56.1667,-3.55
A/EGD/1478,Q5181780,1662,55.5,-2.5
A/EGD/1479,Q1020950,1662,55.912,-4.8735
A/EGD/148,Q1002133,1624,55.99833333,-2.522777778
A/EGD/1480,Q1020950,1662,55.912,-4.8735
A/EGD/1481,Q1020950,1662,55.912,-4.8735
A/EGD/1482,Q1020950,1662,55.912,-4.8735
A/EGD/1489,Q1011416,1662,57.59722222,-4.427777778
A/EGD/149,Q1002133,1619,55.99833333,-2.522777778
A/EGD/1491,Q1011416,1662,57.59722222,-4.427777778
A/EGD/1492,Q758623,1662,56.2932,-3.70614
A/EGD/1493,Q3776543,1662,56.3394,-3.5351
A/EGD/1494,Q3776543,1662,56.3394,-3.5351
A/EGD/1495,Q1012257,1662,56.3118,-3.58896
A/EGD/1496,Q1012257,1662,56.3118,-3.58896
A/EGD/1497,Q1012257,1662,56.3118,-3.58896
A/EGD/1498,Q1012257,1662,56.3118,-3.58896
A/EGD/1499,Q1012257,1662,56.3118,-3.58896
A/EGD/1500,Q758623,1662,56.2932,-3.70614
A/EGD/1501,Q758623,1662,56.2932,-3.70614
A/EGD/1502,Q758623,1662,56.2932,-3.70614
A/EGD/1504,Q758623,1662,56.2932,-3.70614
A/EGD/1505,Q758623,1662,56.2932,-3.70614
A/EGD/1506,Q1016169,1662,55.79388889,-4.863611111
A/EGD/1507,Q1016169,1662,55.79388889,-4.863611111
A/EGD/1508,Q1020950,1662,55.912,-4.8735
A/EGD/1509,Q1020950,1662,55.912,-4.8735
A/EGD/1511,Q1020950,1662,55.912,-4.8735
A/EGD/1531,Q6412432,1649,55.75,-5.03333
A/EGD/1537,Q758624,1662,56.2898,-3.23745
A/EGD/1538,Q1017204,1662,55.7194,-2.74855
A/EGD/154,Q37718,1629,55.93333333,-3.05
A/EGD/1541,Q1017204,1662,55.7194,-2.74855
A/EGD/1542,Q1017204,1662,55.7194,-2.74855
A/EGD/1543,Q1020220,1662,57.8118,-4.0567
A/EGD/1544,Q1985973,1662,57.5765,-3.81595
A/EGD/1545,Q217831,1662,55.95,-4.766666667
A/EGD/1546,Q980084,1662,57.58333333,-3.866666667
A/EGD/1547,Q980084,1662,57.58333333,-3.866666667
A/EGD/1550,Q1714424,1662,55.5667,-2.4667
A/EGD/1551,Q1714424,1662,55.5667,-2.4667
A/EGD/1552,Q1714424,1662,55.5667,-2.4667
A/EGD/1553,Q1714424,1662,55.5667,-2.4667
A/EGD/1554,Q160493,1662,57.48388889,-4.225833333
A/EGD/1555,Q160493,1662,57.48388889,-4.225833333
A/EGD/1556,Q160493,1662,57.48388889,-4.225833333
A/EGD/1557,Q160493,1662,57.48388889,-4.225833333
A/EGD/1558,Q160493,1662,57.48388889,-4.225833333
A/EGD/156,Q727520,1629,55.86666667,-3.066666667
A/EGD/1560,Q160493,1662,57.48388889,-4.225833333
A/EGD/1561,Q160493,1662,57.48388889,-4.225833333
A/EGD/1562,Q160493,1662,57.48388889,-4.225833333
A/EGD/1563,Q160493,1662,57.48388889,-4.225833333
A/EGD/1564,Q160493,1662,57.48388889,-4.225833333
A/EGD/1565,Q160493,1662,57.48388889,-4.225833333
A/EGD/1566,Q160493,1662,57.48388889,-4.225833333
A/EGD/1567,Q160493,1662,57.48388889,-4.225833333
A/EGD/1569,Q425611,1661,55.7784,-2.3426
A/EGD/158,Q23636661,1630,55.76497222,-2.011416667
A/EGD/1627,Q1016911,1649,55.97527778,-3.610555556
A/EGD/1628,Q1016911,1649,55.97527778,-3.610555556
A/EGD/1629,Q1016911,1649,55.97527778,-3.610555556
A/EGD/1630,Q1010381,1649,55.8021,-2.209
A/EGD/1631,Q1010381,1649,55.8021,-2.209
A/EGD/1632,Q1010381,1649,55.8021,-2.209
A/EGD/1633,Q1016925,1649,55.62055556,-2.818888889
A/EGD/1635,Q1016925,1649,55.62055556,-2.818888889
A/EGD/1636,Q1016925,1649,55.62055556,-2.818888889
A/EGD/1637,Q4946744,1649,55.8251,-3.0112
A/EGD/1638,Q4946744,1649,55.8251,-3.0112
A/EGD/1639,Q4946744,1649,55.8251,-3.0112
A/EGD/164,Q758623,1643,56.2932,-3.70614
A/EGD/1640,Q4946744,1649,55.8251,-3.0112
A/EGD/1643,Q1009902,1649,55.91,-2.89098
A/EGD/1644,Q1009902,1649,55.91,-2.89098
A/EGD/1645,Q1009902,1649,55.91,-2.89098
A/EGD/1646,Q1009902,1649,55.91,-2.89098
A/EGD/1648,Q160493,1662,57.48388889,-4.225833333
A/EGD/1649,Q160493,1662,57.48388889,-4.225833333
A/EGD/165,Q781885,1643,56.2,-3.42
A/EGD/1650,Q160493,1662,57.48388889,-4.225833333
A/EGD/1651,Q160493,1662,57.48388889,-4.225833333
A/EGD/1652,Q160493,1662,57.48388889,-4.225833333
A/EGD/1653,Q160493,1662,57.48388889,-4.225833333
A/EGD/1654,Q160493,1662,57.48388889,-4.225833333
A/EGD/1655,Q160493,1662,57.48388889,-4.225833333
A/EGD/1656,Q160493,1662,57.48388889,-4.225833333
A/EGD/1657,Q160493,1662,57.48388889,-4.225833333
A/EGD/1658,Q160493,1662,57.48388889,-4.225833333
A/EGD/1659,Q160493,1662,57.48388889,-4.225833333
A/EGD/166,Q758623,1643,56.2932,-3.70614
A/EGD/1660,Q160493,1662,57.48388889,-4.225833333
A/EGD/1663,Q3307907,1662,56.1667,-3.55
A/EGD/1664,Q3307907,1662,56.1667,-3.55
A/EGD/1665,Q6060004,1662,56.5856,-2.89705
A/EGD/1666,Q1016169,1662,55.79388889,-4.863611111
A/EGD/1668,Q1016169,1662,55.79388889,-4.863611111
A/EGD/1669,Q1016169,1662,55.79388889,-4.863611111
A/EGD/167,Q639666,1643,56.37361111,-3.843055556
A/EGD/1670,Q1020950,1662,55.912,-4.8735
A/EGD/1671,Q1020950,1662,55.912,-4.8735
A/EGD/1672,Q1020950,1662,55.912,-4.8735
A/EGD/1673,Q1020950,1662,55.912,-4.8735
A/EGD/1674,Q1020950,1662,55.912,-4.8735
A/EGD/1675,Q1020950,1662,55.912,-4.8735
A/EGD/1676,Q1012390,1662,57.6816,-4.03701
A/EGD/1677,Q1012390,1662,57.6816,-4.03701
A/EGD/1678,Q1844238,1662,56.725,-2.99188
A/EGD/168,Q781885,1643,56.2,-3.42
A/EGD/1682,Q3307907,1662,56.1667,-3.55
A/EGD/1683,Q3307907,1662,56.1667,-3.55
A/EGD/1684,Q3307907,1662,56.1667,-3.55
A/EGD/1685,Q3307907,1662,56.1667,-3.55
A/EGD/1686,Q3307907,1662,56.1667,-3.55
A/EGD/1687,Q3307907,1662,56.1667,-3.55
A/EGD/1688,Q3307907,1662,56.1667,-3.55
A/EGD/1689,Q3307907,1662,56.1667,-3.55
A/EGD/1691,Q3307907,1662,56.1667,-3.55
A/EGD/1692,Q3307907,1662,56.1667,-3.55
A/EGD/1693,Q3307907,1662,56.1667,-3.55
A/EGD/1694,Q3307907,1662,56.1667,-3.55
A/EGD/1695,Q3307907,1662,56.1667,-3.55
A/EGD/1696,Q996509,1662,56.64305556,-2.89
A/EGD/1697,Q3307907,1662,56.1667,-3.55
A/EGD/1698,Q996509,1661,56.64305556,-2.89
A/EGD/1699,Q996509,1661,56.64305556,-2.89
A/EGD/17,Q654216,1570,55.46388889,-4.627777778
A/EGD/1702,Q3995788,1666,56.05,-3.55
A/EGD/1704,Q3995788,1666,56.05,-3.55
A/EGD/1705,Q3995788,1666,56.05,-3.55
A/EGD/1706,Q3995788,1666,56.05,-3.55
A/EGD/1707,Q3995788,1666,56.05,-3.55
A/EGD/1708,Q3995788,1666,56.05,-3.55
A/EGD/1709,Q3995788,1666,56.05,-3.55
A/EGD/1710,Q425611,1669,55.7784,-2.3426
A/EGD/1716,Q2750114,1669,56.82,-5.696
A/EGD/1717,Q2750114,1669,56.82,-5.696
A/EGD/1718,Q123709,1669,56.464,-2.97
A/EGD/1719,Q1002124,1670,55.6749,-3.77702
A/EGD/1720,Q1014090,1673,60.13333333,-1.266666667
A/EGD/1721,Q1014090,1673,60.13333333,-1.266666667
A/EGD/1724,Q1002133,1613,55.99833333,-2.522777778
A/EGD/1725,Q1002133,1613,55.99833333,-2.522777778
A/EGD/1726,Q425611,1615,55.7784,-2.3426
A/EGD/1727,Q7225717,1677,55.8247,-4.3524
A/EGD/1729,Q7225723,1677,55.8218,-4.29
A/EGD/1730,Q7225723,1677,55.8218,-4.29
A/EGD/1731,Q7225723,1677,55.8218,-4.29
A/EGD/1732,Q7225723,1676,55.8218,-4.29
A/EGD/1735,Q5315758,1677,55.9333,-4.41667
A/EGD/1739,Q182923,1677,56.11944444,-3.935833333
A/EGD/1740,Q182923,1677,56.11944444,-3.935833333
A/EGD/1741,Q182923,1677,56.11944444,-3.935833333
A/EGD/1742,Q182923,1677,56.11944444,-3.935833333
A/EGD/1744,Q7242055,1678,55.9597,-2.961
A/EGD/1745,Q7242055,1678,55.9597,-2.961
A/EGD/1747,Q2020376,1678,55.8833,-3.11667
A/EGD/1748,Q2020376,1678,55.8833,-3.11667
A/EGD/1749,Q2020376,1678,55.8833,-3.11667
A/EGD/175,Q1010422,1649,56.03333333,-3.383333333
A/EGD/1750,Q2020376,1678,55.8833,-3.11667
A/EGD/1752,Q654216,1682,55.46388889,-4.627777778
A/EGD/1753,Q1002133,1679,55.99833333,-2.522777778
A/EGD/1754,Q160493,1695,57.48388889,-4.225833333
A/EGD/1755,Q160493,1695,57.48388889,-4.225833333
A/EGD/1756,Q1010175,1697,55.9005,-4.46234
A/EGD/176,Q211950,1649,56.07138889,-3.461666667
A/EGD/1760,Q615693,1697,55.86666667,-4.366666667
A/EGD/1761,Q217831,1696,55.95,-4.766666667
A/EGD/1762,Q3797631,1697,55.8833,-4.41667
A/EGD/1763,Q217831,1697,55.95,-4.766666667
A/EGD/1764,Q217831,1687,55.95,-4.766666667
A/EGD/1767,Q1011387,1698,54.81666667,-4.033333333
A/EGD/177,Q1010422,1649,56.03333333,-3.383333333
A/EGD/1776,Q1011416,1699,57.59722222,-4.427777778
A/EGD/1777,Q1011416,1699,57.59722222,-4.427777778
A/EGD/1779,Q160493,1704,57.48388889,-4.225833333
A/EGD/178,Q211950,1649,56.07138889,-3.461666667
A/EGD/1780,Q160493,1704,57.48388889,-4.225833333
A/EGD/1783,Q1011603,1662,56.66921111,-3.0051
A/EGD/1784,Q1011521,1649,56.05,-3.233333333
A/EGD/1785,Q1010422,1649,56.03333333,-3.383333333
A/EGD/1786,Q5940145,1649,55.8544,-2.86735
A/EGD/1787,Q138873,1649,57.693,-2.005
A/EGD/1789,Q5577328,1649,55.9167,-3.33333
A/EGD/179,Q1010422,1649,56.03333333,-3.383333333
A/EGD/1790,Q996509,1650,56.64305556,-2.89
A/EGD/1791,Q1011507,1649,55.65,-3.18
A/EGD/1797,Q1016738,1642,57.539,-2.46114
A/EGD/1799,Q987782,1650,57.341,-2.61302
A/EGD/18,Q2179797,1576,55.8014,8.4936
A/EGD/180,Q1010422,1649,56.03333333,-3.383333333
A/EGD/1801,Q1002133,1650,55.99833333,-2.522777778
A/EGD/1802,Q1002133,1650,55.99833333,-2.522777778
A/EGD/1803,Q654216,1650,55.46388889,-4.627777778
A/EGD/1804,Q1018756,1650,55.6352,-4.7896
A/EGD/1805,Q1018756,1650,55.6352,-4.7896
A/EGD/1807,Q6548286,1650,55.512,-2.595
A/EGD/1809,Q211950,1650,56.07138889,-3.461666667
A/EGD/181,Q1010422,1649,56.03333333,-3.383333333
A/EGD/1810,Q654216,1650,55.46388889,-4.627777778
A/EGD/1813,Q1011603,1650,56.66921111,-3.0051
A/EGD/1814,Q5468100,1650,56.8729,-2.41175
A/EGD/1819,Q45848,1650,56.73,-2.655277778
A/EGD/182,Q1010422,1649,56.03333333,-3.383333333
A/EGD/1820,Q45848,1650,56.73,-2.655277778
A/EGD/1822,Q15059253,1650,55.86666667,-3.06666667
A/EGD/1825,Q6412432,1650,55.75,-5.03333
A/EGD/1826,Q45848,1650,56.73,-2.655277778
A/EGD/1827,Q45848,1650,56.73,-2.655277778
A/EGD/1828,Q2014221,1650,56.0528,-3.3021
A/EGD/1830,Q1011507,1643,55.65,-3.18
A/EGD/1835,Q2014221,1654,56.0528,-3.3021
A/EGD/1836,Q2014221,1661,56.0528,-3.3021
A/EGD/1837,Q2014221,1661,56.0528,-3.3021
A/EGD/184,Q211950,1649,56.07138889,-3.461666667
A/EGD/1840,Q2424554,1656,56.0554,-3.6293
A/EGD/1842,Q652035,1658,55.06666667,-3.616666667
A/EGD/1843,Q652035,1658,55.06666667,-3.616666667
A/EGD/1844,Q652035,1658,55.06666667,-3.616666667
A/EGD/1846,Q928684,1648,58.85138889,-2.935
A/EGD/1847,Q1016911,1659,55.97527778,-3.610555556
A/EGD/1849,Q652035,1659,55.06666667,-3.616666667
A/EGD/1850,Q15059195,1662,56.695459,-2.858838
A/EGD/1853,Q160493,1662,57.48388889,-4.225833333
A/EGD/1854,Q1012054,1663,56.058,-2.717
A/EGD/1855,Q1012054,1663,56.058,-2.717
A/EGD/1856,Q1020220,1663,57.8118,-4.0567
A/EGD/186,Q1010422,1649,56.03333333,-3.383333333
A/EGD/1860,Q6412432,1670,55.75,-5.03333
A/EGD/1864,Q1011387,1671,54.81666667,-4.033333333
A/EGD/1865,Q1020950,1671,55.912,-4.8735
A/EGD/1866,Q1139771,1672,58.85,-3.3
A/EGD/1867,Q1011416,1675,57.59722222,-4.427777778
A/EGD/1869,Q1010416,1675,56.2608,-2.6263
A/EGD/187,Q211950,1649,56.07138889,-3.461666667
A/EGD/1870,Q4882715,1676,57.249,-2.088
A/EGD/1871,Q217831,1676,55.95,-4.766666667
A/EGD/1872,Q211950,1677,56.07138889,-3.461666667
A/EGD/1873,Q211950,1677,56.07138889,-3.461666667
A/EGD/1876,Q896424,1679,56.01681111,-3.608911111
A/EGD/1877,Q896424,1679,56.01681111,-3.608911111
A/EGD/1878,Q896424,1679,56.01681111,-3.608911111
A/EGD/1879,Q896424,1679,56.01681111,-3.608911111
A/EGD/188,Q1010422,1649,56.03333333,-3.383333333
A/EGD/1880,Q896424,1679,56.01681111,-3.608911111
A/EGD/1881,Q896424,1679,56.01681111,-3.608911111
A/EGD/1884,Q2014221,1681,56.0528,-3.3021
A/EGD/1887,Q2424554,1684,56.0554,-3.6293
A/EGD/1888,Q1265921,1689,56.55833333,-3.583333333
A/EGD/189,Q211950,1649,56.07138889,-3.461666667
A/EGD/1891,Q652035,1692,55.06666667,-3.616666667
A/EGD/1892,Q652035,1692,55.06666667,-3.616666667
A/EGD/1893,Q652035,1692,55.06666667,-3.616666667
A/EGD/1895,Q3797631,1696,55.8833,-4.41667
A/EGD/1897,Q1011533,1698,55.8941,-4.62708
A/EGD/1899,Q1011149,1698,55.886672,-2.156753
A/EGD/190,Q211950,1649,56.07138889,-3.461666667
A/EGD/1900,Q1011149,1698,55.886672,-2.156753
A/EGD/1901,Q1011149,1698,55.886672,-2.156753
A/EGD/1908,Q7242055,1661,55.9597,-2.961
A/EGD/1909,Q7242055,1661,55.9597,-2.961
A/EGD/1910,Q5454932,1661,55.9463,-3.0583
A/EGD/1912,Q5454932,1661,55.9463,-3.0583
A/EGD/192,Q1010422,1649,56.03333333,-3.383333333
A/EGD/1920,Q5454932,1661,55.9463,-3.0583
A/EGD/1921,Q5454932,1661,55.9463,-3.0583
A/EGD/1922,Q5454932,1661,55.9463,-3.0583
A/EGD/1923,Q5454932,1661,55.9463,-3.0583
A/EGD/1926,Q727520,1661,55.86666667,-3.066666667
A/EGD/1927,Q1009902,1649,55.91,-2.89098
A/EGD/1928,Q1009902,1649,55.91,-2.89098
A/EGD/1929,Q1009902,1649,55.91,-2.89098
A/EGD/193,Q211950,1649,56.07138889,-3.461666667
A/EGD/1930,Q4946744,1649,55.8251,-3.0112
A/EGD/1931,Q1017204,1649,55.7194,-2.74855
A/EGD/1932,Q1017204,1649,55.7194,-2.74855
A/EGD/1933,Q1017204,1649,55.7194,-2.74855
A/EGD/1934,Q1010108,1649,55.633,-2.667
A/EGD/1938,Q727520,1649,55.86666667,-3.066666667
A/EGD/1939,Q727520,1649,55.86666667,-3.066666667
A/EGD/194,Q1010422,1649,56.03333333,-3.383333333
A/EGD/1940,Q727520,1649,55.86666667,-3.066666667
A/EGD/1944,Q1016925,1649,55.62055556,-2.818888889
A/EGD/1945,Q727520,1649,55.86666667,-3.066666667
A/EGD/1946,Q1009852,1649,55.9122,-2.94306
A/EGD/1947,Q4946744,1649,55.8251,-3.0112
A/EGD/1948,Q4946744,1649,55.8251,-3.0112
A/EGD/1949,Q4946744,1649,55.8251,-3.0112
A/EGD/195,Q1010422,1649,56.03333333,-3.383333333
A/EGD/1950,Q1009852,1649,55.9122,-2.94306
A/EGD/1951,Q727520,1649,55.86666667,-3.066666667
A/EGD/1952,Q727520,1649,55.86666667,-3.066666667
A/EGD/196,Q211950,1649,56.07138889,-3.461666667
A/EGD/1961,Q1011507,1649,55.65,-3.18
A/EGD/1962,Q1011507,1649,55.65,-3.18
A/EGD/1963,Q1011507,1649,55.65,-3.18
A/EGD/1964,Q1011507,1649,55.65,-3.18
A/EGD/1965,Q1011507,1649,55.65,-3.18
A/EGD/1966,Q1011507,1649,55.65,-3.18
A/EGD/1968,Q45848,1649,56.73,-2.655277778
A/EGD/197,Q652035,1650,55.06666667,-3.616666667
A/EGD/1972,Q1011507,1649,55.65,-3.18
A/EGD/1976,Q1011507,1649,55.65,-3.18
A/EGD/1977,Q1011507,1649,55.65,-3.18
A/EGD/1978,Q1011507,1649,55.65,-3.18
A/EGD/1979,Q1011507,1649,55.65,-3.18
A/EGD/1980,Q1011507,1649,55.65,-3.18
A/EGD/1981,Q1011507,1649,55.65,-3.18
A/EGD/1984,Q1011507,1649,55.65,-3.18
A/EGD/1985,Q1011507,1649,55.65,-3.18
A/EGD/1986,Q1011507,1649,55.65,-3.18
A/EGD/1987,Q1011507,1649,55.65,-3.18
A/EGD/1988,Q15059253,1649,55.86666667,-3.06666667
A/EGD/199,Q652035,1650,55.06666667,-3.616666667
A/EGD/1995,Q1013827,1649,55.65,-4.7
A/EGD/1997,Q1018540,1649,55.9801,-3.17005
A/EGD/1998,Q1012401,1649,55.477,-2.546
A/EGD/1999,Q1010108,1649,55.633,-2.667
A/EGD/200,Q652035,1650,55.06666667,-3.616666667
A/EGD/2002,Q1012401,1649,55.477,-2.546
A/EGD/2003,Q1016911,1649,55.97527778,-3.610555556
A/EGD/2005,Q1012401,1649,55.477,-2.546
A/EGD/2006,Q1012401,1649,55.477,-2.546
A/EGD/2007,Q1012401,1649,55.477,-2.546
A/EGD/2008,Q1012401,1649,55.477,-2.546
A/EGD/2009,Q727520,1649,55.86666667,-3.066666667
A/EGD/201,Q652035,1650,55.06666667,-3.616666667
A/EGD/2010,Q5181780,1649,55.5,-2.5
A/EGD/2011,Q1714424,1649,55.5667,-2.4667
A/EGD/2012,Q1012401,1649,55.477,-2.546
A/EGD/2013,Q1012401,1649,55.477,-2.546
A/EGD/2014,Q1012401,1649,55.477,-2.546
A/EGD/2015,Q5181780,1649,55.5,-2.5
A/EGD/2016,Q1012401,1649,55.477,-2.546
A/EGD/2017,Q1011507,1649,55.65,-3.18
A/EGD/202,Q652035,1650,55.06666667,-3.616666667
A/EGD/2024,Q652035,1649,55.06666667,-3.616666667
A/EGD/203,Q239193,1650,55.95,-3.4
A/EGD/2030,Q182923,1562,56.11944444,-3.935833333
A/EGD/2031,Q182923,1562,56.11944444,-3.935833333
A/EGD/2038,Q630668,1568,56.56138611,-2.585705556
A/EGD/2040,Q526576,1718,58.59611111,-3.521111111
A/EGD/2041,Q526576,1718,58.59611111,-3.521111111
A/EGD/2042,Q526576,1718,58.59611111,-3.521111111
A/EGD/2043,Q526576,1718,58.59611111,-3.521111111
A/EGD/2048,Q1016920,1727,57.88,-4.03
A/EGD/206,Q652035,1650,55.06666667,-3.616666667
A/EGD/2062,Q652539,1592,56.25,-5.25
A/EGD/2461,Q691685,1597,56.11073056,-3.167369444
A/EGD/2463,Q691685,1587,56.11073056,-3.167369444
A/EGD/2465,Q691685,1597,56.11073056,-3.167369444
A/EGD/2466,Q691685,1597,56.11073056,-3.167369444
A/EGD/2467,Q691685,1597,56.11073056,-3.167369444
A/EGD/2468,Q691685,1597,56.11073056,-3.167369444
A/EGD/2469,Q691685,1597,56.11073056,-3.167369444
A/EGD/2470,Q691685,1597,56.11073056,-3.167369444
A/EGD/2471,Q691685,1597,56.11073056,-3.167369444
A/EGD/2472,Q691685,1597,56.11073056,-3.167369444
A/EGD/2473,Q691685,1597,56.11073056,-3.167369444
A/EGD/2474,Q691685,1597,56.11073056,-3.167369444
A/EGD/2475,Q691685,1597,56.11073056,-3.167369444
A/EGD/2477,Q691685,1619,56.11073056,-3.167369444
A/EGD/2479,Q691685,1626,56.11073056,-3.167369444
A/EGD/2480,Q691685,1626,56.11073056,-3.167369444
A/EGD/2481,Q691685,1626,56.11073056,-3.167369444
A/EGD/2483,Q2424554,1634,56.0554,-3.6293
A/EGD/2484,Q2424554,1634,56.0554,-3.6293
A/EGD/2485,Q2424554,1634,56.0554,-3.6293
A/EGD/2486,Q2424554,1634,56.0554,-3.6293
A/EGD/2487,Q211950,1643,56.07138889,-3.461666667
A/EGD/2488,Q211950,1643,56.07138889,-3.461666667
A/EGD/2489,Q211950,1643,56.07138889,-3.461666667
A/EGD/2490,Q211950,1643,56.07138889,-3.461666667
A/EGD/2491,Q211950,1643,56.07138889,-3.461666667
A/EGD/2493,Q211950,1643,56.07138889,-3.461666667
A/EGD/2497,Q211950,1643,56.07138889,-3.461666667
A/EGD/2498,Q211950,1643,56.07138889,-3.461666667
A/EGD/2499,Q2424554,1643,56.0554,-3.6293
A/EGD/2500,Q2424554,1643,56.0554,-3.6293
A/EGD/2503,Q2424554,1643,56.0554,-3.6293
A/EGD/208,Q239193,1650,55.95,-3.4
A/EGD/2083,Q1011221,1597,56.069,-3.719
A/EGD/2098,Q5476354,1597,57.2994,-2.03483
A/EGD/21,Q654216,1582,55.46388889,-4.627777778
A/EGD/2101,Q1741697,1597,57.0869,-2.67399
A/EGD/2104,Q1741697,1597,57.0869,-2.67399
A/EGD/2108,Q1741697,1597,57.0869,-2.67399
A/EGD/2109,Q1741697,1597,57.0869,-2.67399
A/EGD/2115,Q5264554,1597,57.6415,-2.8315
A/EGD/2121,Q1011521,1597,56.05,-3.233333333
A/EGD/2122,Q16837484,1597,34.4539,-81.2447
A/EGD/2123,Q1011521,1598,56.05,-3.233333333
A/EGD/2125,Q1018540,1599,55.9801,-3.17005
A/EGD/2127,Q160493,1603,57.48388889,-4.225833333
A/EGD/2129,Q691685,1604,56.11073056,-3.167369444
A/EGD/214,Q1010422,1655,56.03333333,-3.383333333
A/EGD/2143,Q182923,1614,56.11944444,-3.935833333
A/EGD/2147,Q1506018,1615,59.3,-3
A/EGD/2148,Q639666,1615,56.37361111,-3.843055556
A/EGD/2169,Q1010552,1623,55.638,-3.887
A/EGD/2172,Q1506018,1624,59.3,-3
A/EGD/2174,Q1011507,1627,55.65,-3.18
A/EGD/2175,Q1011507,1628,55.65,-3.18
A/EGD/2176,Q34779,1628,55.94861111,-4.547222222
A/EGD/2177,Q3179174,1628,56.481,-2.82
A/EGD/2178,Q3179174,1628,56.481,-2.82
A/EGD/2182,Q1506018,1629,59.3,-3
A/EGD/2183,Q1002124,1630,55.6749,-3.77702
A/EGD/2184,Q2020376,1630,55.8833,-3.11667
A/EGD/2187,Q15059179,1631,57.5115,-2.6202
A/EGD/2188,Q15059179,1631,57.5115,-2.6202
A/EGD/2189,Q15059179,1631,57.5115,-2.6202
A/EGD/2194,Q182923,1633,56.11944444,-3.935833333
A/EGD/2195,Q691685,1633,56.11073056,-3.167369444
A/EGD/2196,Q691685,1633,56.11073056,-3.167369444
A/EGD/2197,Q182923,1634,56.11944444,-3.935833333
A/EGD/2199,Q519769,1635,60.66666667,-1
A/EGD/2209,Q1011507,1640,55.65,-3.18
A/EGD/2212,Q5309154,1640,55.5939,-3.3726
A/EGD/2215,Q1011507,1641,55.65,-3.18
A/EGD/2217,Q2424554,1642,56.0554,-3.6293
A/EGD/222,Q1016911,1657,55.97527778,-3.610555556
A/EGD/2220,Q1506018,1643,59.3,-3
A/EGD/2221,Q1506018,1643,59.3,-3
A/EGD/2222,Q931770,1643,59.35,-2.9
A/EGD/2224,Q1758466,1643,59.11666667,-2.6
A/EGD/2225,Q211950,1643,56.07138889,-3.461666667
A/EGD/2226,Q211950,1643,56.07138889,-3.461666667
A/EGD/223,Q652035,1657,55.06666667,-3.616666667
A/EGD/2230,Q691685,1643,56.11073056,-3.167369444
A/EGD/2231,Q691685,1643,56.11073056,-3.167369444
A/EGD/2232,Q1011685,1643,56.21305556,-2.728611111
A/EGD/2234,Q1011685,1643,56.21305556,-2.728611111
A/EGD/2235,Q1011685,1643,56.21305556,-2.728611111
A/EGD/2236,Q1011685,1643,56.21305556,-2.728611111
A/EGD/2237,Q3849623,1643,56.2026,-3.13504
A/EGD/2238,Q211950,1643,56.07138889,-3.461666667
A/EGD/2239,Q211950,1643,56.07138889,-3.461666667
A/EGD/2240,Q211950,1643,56.07138889,-3.461666667
A/EGD/2241,Q208329,1643,58.98111111,-2.96
A/EGD/2242,Q208329,1643,58.98111111,-2.96
A/EGD/2243,Q211950,1643,56.07138889,-3.461666667
A/EGD/2244,Q211950,1643,56.07138889,-3.461666667
A/EGD/2245,Q211950,1643,56.07138889,-3.461666667
A/EGD/2246,Q1010416,1643,56.2608,-2.6263
A/EGD/2247,Q1901485,1643,59.136944,-3.335278
A/EGD/225,Q615693,1657,55.86666667,-4.366666667
A/EGD/2251,Q1011685,1644,56.21305556,-2.728611111
A/EGD/2252,Q1011685,1644,56.21305556,-2.728611111
A/EGD/2256,Q4115,1644,55.8918,-3.481
A/EGD/2257,Q4115,1644,55.8918,-3.481
A/EGD/2258,Q1011685,1644,56.21305556,-2.728611111
A/EGD/2260,Q1018540,1644,55.9801,-3.17005
A/EGD/2264,Q1018540,1644,55.9801,-3.17005
A/EGD/2265,Q1011387,1644,54.81666667,-4.033333333
A/EGD/2266,Q1011387,1644,54.81666667,-4.033333333
A/EGD/2267,Q1011387,1644,54.81666667,-4.033333333
A/EGD/2268,Q1011387,1644,54.81666667,-4.033333333
A/EGD/2269,Q1011387,1644,54.81666667,-4.033333333
A/EGD/228,Q654216,1658,55.46388889,-4.627777778
A/EGD/2284,Q1012047,1644,56.3194,-3.01155
A/EGD/2286,Q211950,1645,56.07138889,-3.461666667
A/EGD/2287,Q1012047,1644,56.3194,-3.01155
A/EGD/2289,Q1002124,1646,55.6749,-3.77702
A/EGD/229,Q1011743,1658,55.5132,-4.4866
A/EGD/2291,Q3815260,1646,56.3667,-3
A/EGD/2292,Q3815260,1646,56.3667,-3
A/EGD/2293,Q3815260,1646,56.3667,-3
A/EGD/2296,Q1987199,1648,56.411,-3.043
A/EGD/2297,Q1012047,1649,56.3194,-3.01155
A/EGD/2299,Q5173194,1649,55.9429,-3.28544
A/EGD/230,Q654216,1658,55.46388889,-4.627777778
A/EGD/2302,Q211950,1649,56.07138889,-3.461666667
A/EGD/2304,Q5173194,1649,55.9429,-3.28544
A/EGD/2306,Q1011521,1649,56.05,-3.233333333
A/EGD/2307,Q691685,1649,56.11073056,-3.167369444
A/EGD/2308,Q1011521,1649,56.05,-3.233333333
A/EGD/231,Q654216,1658,55.46388889,-4.627777778
A/EGD/2310,Q1020950,1649,55.912,-4.8735
A/EGD/2311,Q217831,1649,55.95,-4.766666667
A/EGD/2312,Q1020950,1649,55.912,-4.8735
A/EGD/2313,Q1020950,1649,55.912,-4.8735
A/EGD/2315,Q1002133,1649,55.99833333,-2.522777778
A/EGD/2317,Q3350171,1649,57.1648,-2.1024
A/EGD/2319,Q1011507,1649,55.65,-3.18
A/EGD/232,Q1011743,1658,55.5132,-4.4866
A/EGD/2323,Q6412432,1649,55.75,-5.03333
A/EGD/2328,Q182923,1649,56.11944444,-3.935833333
A/EGD/2329,Q6412432,1649,55.75,-5.03333
A/EGD/2330,Q6412432,1649,55.75,-5.03333
A/EGD/2331,Q652035,1659,55.06666667,-3.616666667
A/EGD/2332,Q652035,1649,55.06666667,-3.616666667
A/EGD/2333,Q5940145,1659,55.8544,-2.86735
A/EGD/2338,Q652035,1659,55.06666667,-3.616666667
A/EGD/2339,Q652035,1650,55.06666667,-3.616666667
A/EGD/234,Q654216,1658,55.46388889,-4.627777778
A/EGD/2346,Q996509,1661,56.64305556,-2.89
A/EGD/2347,Q996509,1661,56.64305556,-2.89
A/EGD/2348,Q996509,1661,56.64305556,-2.89
A/EGD/2349,Q2731694,1661,55.9366,-3.0468
A/EGD/235,Q654216,1658,55.46388889,-4.627777778
A/EGD/2350,Q996509,1661,56.64305556,-2.89
A/EGD/2351,Q1011428,1661,55.826,-3.22
A/EGD/2352,Q1011428,1661,55.826,-3.22
A/EGD/2353,Q1011428,1661,55.826,-3.22
A/EGD/2357,Q652035,1701,55.06666667,-3.616666667
A/EGD/236,Q1016169,1658,55.79388889,-4.863611111
A/EGD/2360,Q6868854,1702,54.967,-4.48317
A/EGD/2361,Q6868854,1702,54.967,-4.48317
A/EGD/2362,Q3995788,1705,56.05,-3.55
A/EGD/2363,Q7116286,1703,57.3211,-2.54556
A/EGD/2364,Q3995788,1703,56.05,-3.55
A/EGD/2365,Q652035,1703,55.06666667,-3.616666667
A/EGD/2366,Q896424,1704,56.01681111,-3.608911111
A/EGD/2367,Q3995788,1704,56.05,-3.55
A/EGD/2369,Q1011685,1704,56.21305556,-2.728611111
A/EGD/2370,Q1011685,1704,56.21305556,-2.728611111
A/EGD/2371,Q1011960,1704,56.3814,-2.8835
A/EGD/2372,Q3995788,1704,56.05,-3.55
A/EGD/2373,Q3995788,1704,56.05,-3.55
A/EGD/2375,Q242083,1705,55.5,-5.583333333
A/EGD/2376,Q1011685,1704,56.21305556,-2.728611111
A/EGD/2380,Q652035,1707,55.06666667,-3.616666667
A/EGD/2381,Q839556,1708,58.96,-3.3
A/EGD/2382,Q2508157,1714,58.62,-3.34
A/EGD/2385,Q526576,1718,58.59611111,-3.521111111
A/EGD/2386,Q526576,1718,58.59611111,-3.521111111
A/EGD/2394,Q691685,1613,56.11073056,-3.167369444
A/EGD/2399,Q1010212,1699,57.5815,-4.13237
A/EGD/2400,Q1010212,1699,57.5815,-4.13237
A/EGD/2401,Q1010212,1699,57.5815,-4.13237
A/EGD/2402,Q1506018,1615,59.3,-3
A/EGD/2419,Q1010416,1590,56.2608,-2.6263
A/EGD/2420,Q1011685,1592,56.21305556,-2.728611111
A/EGD/2421,Q1011685,1597,56.21305556,-2.728611111
A/EGD/2422,Q1011685,1597,56.21305556,-2.728611111
A/EGD/2423,Q1011685,1597,56.21305556,-2.728611111
A/EGD/2424,Q1011685,1597,56.21305556,-2.728611111
A/EGD/2425,Q3815267,1597,56.2333,-2.68333
A/EGD/2427,Q1011685,1597,56.21305556,-2.728611111
A/EGD/2429,Q1010416,1598,56.2608,-2.6263
A/EGD/2439,Q1010416,1644,56.2608,-2.6263
A/EGD/2441,Q5315298,1645,56.23,-2.79
A/EGD/2442,Q1012257,1662,56.3118,-3.58896
A/EGD/2443,Q1011685,1704,56.21305556,-2.728611111
A/EGD/2444,Q1011685,1704,56.21305556,-2.728611111
A/EGD/2446,Q1011685,1704,56.21305556,-2.728611111
A/EGD/2447,Q1011521,1644,56.05,-3.233333333
A/EGD/2448,Q1011521,1650,56.05,-3.233333333
A/EGD/2450,Q691685,1639,56.11073056,-3.167369444
A/EGD/2451,Q691685,1640,56.11073056,-3.167369444
A/EGD/2453,Q691685,1636,56.11073056,-3.167369444
A/EGD/2456,Q691685,1644,56.11073056,-3.167369444
A/EGD/2457,Q691685,1644,56.11073056,-3.167369444
A/EGD/2504,Q211950,1643,56.07138889,-3.461666667
A/EGD/2505,Q2424554,1644,56.0554,-3.6293
A/EGD/2506,Q2424554,1648,56.0554,-3.6293
A/EGD/2509,Q211950,1649,56.07138889,-3.461666667
A/EGD/2514,Q211950,1649,56.07138889,-3.461666667
A/EGD/2516,Q1010422,1649,56.03333333,-3.383333333
A/EGD/2517,Q1010422,1649,56.03333333,-3.383333333
A/EGD/621,Q5454932,1629,55.9463,-3.0583
A/EGD/622,Q5454932,1629,55.9463,-3.0583
A/EGD/625,Q1011507,1629,55.65,-3.18
A/EGD/626,Q7835684,1629,55.6,-3.06667
A/EGD/628,Q1011845,1629,55.7526,-3.3554
A/EGD/629,Q1011845,1629,55.7526,-3.3554
A/EGD/631,Q1011507,1629,55.65,-3.18
A/EGD/632,Q1011507,1619,55.65,-3.18
A/EGD/633,Q1011507,1629,55.65,-3.18
A/EGD/634,Q1011507,1629,55.65,-3.18
A/EGD/635,Q1011507,1629,55.65,-3.18
A/EGD/636,Q1011507,1629,55.65,-3.18
A/EGD/637,Q1011845,1629,55.7526,-3.3554
A/EGD/638,Q1011507,1629,55.65,-3.18
A/EGD/639,Q1011507,1629,55.65,-3.18
A/EGD/640,Q7242055,1630,55.9597,-2.961
A/EGD/642,Q1011845,1629,55.7526,-3.3554
A/EGD/643,Q1010316,1629,55.6184,-3.05901
A/EGD/644,Q1011507,1629,55.65,-3.18
A/JO/3084,Q1020251,1649,55.947,-4.923
A/JO/3085,Q219530,1677,56.231,-5.073
A/JO/3086,Q1818828,1662,55.83333333,-5.05
A/JO/3105,Q1013827,1662,55.65,-4.7
A/JO/3152,Q691685,1597,56.11073056,-3.167369444
A/JO/3153,Q691685,1597,56.11073056,-3.167369444
A/JO/3155,Q6407953,1650,56.189,-4.061
A/JO/3192,Q1020220,1577,57.8118,-4.0567
A/JO/3193,Q1020220,1577,57.8118,-4.0567
A/JO/3194,Q1020220,1577,57.8118,-4.0567
A/JO/3195,Q1020220,1577,57.8118,-4.0567
A/JO/3196,Q1020220,1577,57.8118,-4.0567
A/JO/3197,Q1020220,1577,57.8118,-4.0567
A/LA/2544,Q182923,1597,56.11944444,-3.935833333
A/LA/2546,Q654216,1587,55.46388889,-4.627777778
A/LA/2548,Q45848,1620,56.73,-2.655277778
A/LA/2549,Q1010422,1621,56.03333333,-3.383333333
A/LA/2550,Q1016911,1624,55.97527778,-3.610555556
A/EGD/2518,Q1010422,1649,56.03333333,-3.383333333
A/EGD/2520,Q2014221,1649,56.0528,-3.3021
A/EGD/2521,Q2014221,1649,56.0528,-3.3021
A/EGD/2522,Q211950,1649,56.07138889,-3.461666667
A/EGD/2523,Q2424554,1649,56.0554,-3.6293
A/EGD/2526,Q211950,1628,56.07138889,-3.461666667
A/EGD/2527,Q211950,1628,56.07138889,-3.461666667
A/EGD/2528,Q211950,1628,56.07138889,-3.461666667
A/EGD/2529,Q3995788,1704,56.05,-3.55
A/EGD/2530,Q3995788,1704,56.05,-3.55
A/EGD/2531,Q3995788,1704,56.05,-3.55
A/EGD/2533,Q1011963,1651,56.206,-2.76658
A/EGD/2535,Q239193,1655,55.95,-3.4
A/EGD/256,Q640073,1658,55.6432,-4.8097
A/EGD/261,Q640073,1651,55.6432,-4.8097
A/EGD/262,Q654216,1651,55.46388889,-4.627777778
A/EGD/266,Q654216,1658,55.46388889,-4.627777778
A/EGD/272,Q1010098,1658,56.1091,-3.74652
A/EGD/273,Q1010098,1658,56.1091,-3.74652
A/EGD/275,Q1010098,1658,56.1091,-3.74652
A/EGD/276,Q1010098,1658,56.1091,-3.74652
A/EGD/278,Q1010098,1658,56.1091,-3.74652
A/EGD/280,Q1009331,1658,56.11666667,-3.8
A/EGD/281,Q1009331,1658,56.11666667,-3.8
A/EGD/282,Q1009331,1658,56.11666667,-3.8
A/EGD/283,Q1009331,1658,56.11666667,-3.8
A/EGD/284,Q1009331,1658,56.11666667,-3.8
A/EGD/285,Q1009331,1658,56.11666667,-3.8
A/EGD/286,Q1009331,1658,56.11666667,-3.8
A/EGD/288,Q1009331,1658,56.11666667,-3.8
A/EGD/293,Q7607936,1659,55.95,-2.6
A/EGD/296,Q971957,1658,56.1354,-3.83641
A/EGD/297,Q182923,1659,56.11944444,-3.935833333
A/EGD/300,Q7607936,1658,55.95,-2.6
A/EGD/302,Q7607936,1659,55.95,-2.6
A/EGD/304,Q1020227,1659,56.127,-4.173
A/EGD/305,Q182923,1658,56.11944444,-3.935833333
A/EGD/306,Q182923,1659,56.11944444,-3.935833333
A/EGD/307,Q7607936,1659,55.95,-2.6
A/EGD/308,Q7607936,1659,55.95,-2.6
A/EGD/309,Q1714424,1659,55.5667,-2.4667
A/EGD/312,Q1011336,1659,55.9447,-2.95417
A/EGD/313,Q1011336,1659,55.9447,-2.95417
A/EGD/316,Q1011336,1659,55.9447,-2.95417
A/EGD/319,Q1011336,1659,55.9447,-2.95417
A/EGD/321,Q7242055,1659,55.9597,-2.961
A/EGD/322,Q7242055,1659,55.9597,-2.961
A/EGD/323,Q7242055,1659,55.9597,-2.961
A/EGD/325,Q1011336,1659,55.9447,-2.95417
A/EGD/326,Q1011336,1659,55.9447,-2.95417
A/EGD/327,Q1011336,1659,55.9447,-2.95417
A/EGD/331,Q1011336,1659,55.9447,-2.95417
A/EGD/332,Q1011336,1659,55.9447,-2.95417
A/EGD/333,Q7242055,1659,55.9597,-2.961
A/EGD/334,Q1011336,1659,55.9447,-2.95417
A/EGD/335,Q1011336,1659,55.9447,-2.95417
A/EGD/336,Q7242055,1659,55.9597,-2.961
A/EGD/338,Q1011336,1659,55.9447,-2.95417
A/EGD/339,Q1011336,1659,55.9447,-2.95417
A/EGD/34,Q1020220,1577,57.8118,-4.0567
A/EGD/340,Q5173194,1659,55.9429,-3.28544
A/EGD/341,Q1011336,1659,55.9447,-2.95417
A/EGD/342,Q7242055,1659,55.9597,-2.961
A/EGD/346,Q1009331,1658,56.11666667,-3.8
A/EGD/35,Q1020220,1577,57.8118,-4.0567
A/EGD/353,Q727520,1661,55.86666667,-3.066666667
A/EGD/354,Q727520,1661,55.86666667,-3.066666667
A/EGD/355,Q727520,1661,55.86666667,-3.066666667
A/EGD/357,Q652035,1661,55.06666667,-3.616666667
A/EGD/358,Q652035,1661,55.06666667,-3.616666667
A/EGD/359,Q37718,1661,55.93333333,-3.05
A/EGD/360,Q727520,1661,55.86666667,-3.066666667
A/EGD/362,Q727520,1661,55.86666667,-3.066666667
A/EGD/363,Q727520,1661,55.86666667,-3.066666667
A/EGD/366,Q727520,1661,55.86666667,-3.066666667
A/EGD/367,Q727520,1661,55.86666667,-3.066666667
A/EGD/369,Q727520,1661,55.86666667,-3.066666667
A/EGD/370,Q15059253,1661,55.86666667,-3.06666667
A/EGD/371,Q727520,1661,55.86666667,-3.066666667
A/EGD/372,Q727520,1661,55.86666667,-3.066666667
A/EGD/373,Q15059253,1661,55.86666667,-3.06666667
A/EGD/374,Q727520,1661,55.86666667,-3.066666667
A/EGD/375,Q4138314,1661,55.905,-3.13083
A/EGD/376,Q4138314,1661,55.905,-3.13083
A/EGD/377,Q4138314,1661,55.905,-3.13083
A/EGD/378,Q4138314,1661,55.905,-3.13083
A/EGD/379,Q4138314,1661,55.905,-3.13083
A/EGD/380,Q4138314,1661,55.905,-3.13083
A/EGD/384,Q3715916,1661,55.9416,-3.14673
A/EGD/386,Q3715916,1661,55.9416,-3.14673
A/EGD/389,Q1016911,1659,55.97527778,-3.610555556
A/EGD/395,Q727520,1661,55.86666667,-3.066666667
A/EGD/398,Q727520,1661,55.86666667,-3.066666667
A/EGD/4,Q1002124,1649,55.6749,-3.77702
A/EGD/405,Q727520,1661,55.86666667,-3.066666667
A/EGD/41,Q1016920,1590,57.88,-4.03
A/EGD/412,Q4138314,1661,55.905,-3.13083
A/EGD/415,Q4138314,1661,55.905,-3.13083
A/EGD/416,Q4138314,1661,55.905,-3.13083
A/EGD/421,Q4138314,1661,55.905,-3.13083
A/EGD/425,Q1985973,1662,57.5765,-3.81595
A/EGD/426,Q1985973,1662,57.5765,-3.81595
A/EGD/427,Q1985973,1662,57.5765,-3.81595
A/EGD/428,Q1985973,1662,57.5765,-3.81595
A/EGD/429,Q1985973,1662,57.5765,-3.81595
A/EGD/430,Q1985973,1662,57.5765,-3.81595
A/EGD/431,Q1985973,1662,57.5765,-3.81595
A/EGD/432,Q1985973,1662,57.5765,-3.81595
A/EGD/434,Q1985973,1662,57.5765,-3.81595
A/EGD/435,Q1985973,1662,57.5765,-3.81595
A/EGD/436,Q1985973,1662,57.5765,-3.81595
A/EGD/437,Q1985973,1662,57.5765,-3.81595
A/EGD/438,Q1985973,1662,57.5765,-3.81595
A/EGD/44,Q1985973,1590,57.5765,-3.81595
A/EGD/445,Q980084,1662,57.58333333,-3.866666667
A/EGD/446,Q980084,1662,57.58333333,-3.866666667
A/EGD/447,Q980084,1662,57.58333333,-3.866666667
A/EGD/449,Q980084,1662,57.58333333,-3.866666667
A/EGD/450,Q980084,1662,57.58333333,-3.866666667
A/EGD/451,Q980084,1662,57.58333333,-3.866666667
A/EGD/452,Q980084,1662,57.58333333,-3.866666667
A/EGD/453,Q980084,1662,57.58333333,-3.866666667
A/EGD/454,Q980084,1662,57.58333333,-3.866666667
A/EGD/455,Q980084,1662,57.58333333,-3.866666667
A/EGD/456,Q980084,1662,57.58333333,-3.866666667
A/EGD/457,Q980084,1662,57.58333333,-3.866666667
A/EGD/458,Q980084,1662,57.58333333,-3.866666667
A/EGD/459,Q980084,1662,57.58333333,-3.866666667
A/EGD/46,Q4138314,1689,55.905,-3.13083
A/EGD/460,Q980084,1662,57.58333333,-3.866666667
A/EGD/461,Q1985973,1662,57.5765,-3.81595
A/EGD/462,Q1985973,1662,57.5765,-3.81595
A/EGD/464,Q1985973,1662,57.5765,-3.81595
A/EGD/465,Q1985973,1662,57.5765,-3.81595
A/EGD/49,Q1016920,1590,57.88,-4.03
A/EGD/492,Q1011336,1662,55.9447,-2.95417
A/EGD/5,Q34779,1650,55.94861111,-4.547222222
A/EGD/50,Q182923,1590,56.11944444,-3.935833333
A/EGD/51,Q7242055,1591,55.9597,-2.961
A/EGD/528,Q1009902,1662,55.91,-2.89098
A/EGD/530,Q1009902,1662,55.91,-2.89098
A/EGD/531,Q1009902,1662,55.91,-2.89098
A/EGD/535,Q1011336,1662,55.9447,-2.95417
A/EGD/546,Q1002133,1662,55.99833333,-2.522777778
A/EGD/562,Q182923,1664,56.11944444,-3.935833333
A/EGD/576,Q652035,1671,55.06666667,-3.616666667
A/EGD/577,Q652035,1671,55.06666667,-3.616666667
A/EGD/578,Q1714424,1671,55.5667,-2.4667
A/EGD/580,Q1714424,1671,55.5667,-2.4667
A/EGD/581,Q1018540,1671,55.9801,-3.17005
A/EGD/585,Q652035,1671,55.06666667,-3.616666667
A/EGD/586,Q652035,1671,55.06666667,-3.616666667
A/EGD/590,Q1011387,1671,54.81666667,-4.033333333
A/EGD/591,Q1016323,1671,56.09694444,-4.644722222
A/EGD/593,Q1818828,1662,55.83333333,-5.05
A/EGD/595,Q2424554,1674,56.0554,-3.6293
A/EGD/596,Q2424554,1675,56.0554,-3.6293
A/EGD/597,Q2424554,1675,56.0554,-3.6293
A/EGD/598,Q2424554,1675,56.0554,-3.6293
A/EGD/6,Q34779,1650,55.94861111,-4.547222222
A/EGD/603,Q5940145,1678,55.8544,-2.86735
A/EGD/604,Q5940145,1678,55.8544,-2.86735
A/EGD/611,Q5940145,1678,55.8544,-2.86735
A/EGD/613,Q5940145,1678,55.8544,-2.86735
A/EGD/616,Q1018733,1629,56.5869,-3.16417
A/EGD/618,Q425611,1629,55.7784,-2.3426
A/EGD/645,Q1011507,1629,55.65,-3.18
A/EGD/646,Q1011507,1629,55.65,-3.18
A/EGD/647,Q1011507,1629,55.65,-3.18
A/EGD/648,Q1011507,1629,55.65,-3.18
A/EGD/649,Q1011507,1629,55.65,-3.18
A/EGD/650,Q1011507,1629,55.65,-3.18
A/EGD/651,Q980084,1629,57.58333333,-3.866666667
A/EGD/654,Q980084,1629,57.58333333,-3.866666667
A/EGD/655,Q980084,1629,57.58333333,-3.866666667
A/EGD/663,Q1020260,1629,55.86944444,-2.090555556
A/EGD/664,Q654216,1629,55.46388889,-4.627777778
A/EGD/665,Q654216,1629,55.46388889,-4.627777778
A/EGD/666,Q654216,1629,55.46388889,-4.627777778
A/EGD/667,Q654216,1629,55.46388889,-4.627777778
A/EGD/668,Q1011149,1629,55.886672,-2.156753
A/EGD/669,Q1002124,1629,55.6749,-3.77702
A/EGD/671,Q1010381,1629,55.8021,-2.209
A/EGD/679,Q5940145,1678,55.8544,-2.86735
A/EGD/68,Q7242055,1591,55.9597,-2.961
A/EGD/680,Q727520,1678,55.86666667,-3.066666667
A/EGD/681,Q727520,1678,55.86666667,-3.066666667
A/EGD/682,Q727520,1678,55.86666667,-3.066666667
A/EGD/688,Q1010543,1679,56.042,-4.368
A/EGD/689,Q896424,1679,56.01681111,-3.608911111
A/EGD/690,Q896424,1680,56.01681111,-3.608911111
A/EGD/691,Q896424,1678,56.01681111,-3.608911111
A/EGD/692,Q896424,1679,56.01681111,-3.608911111
A/EGD/693,Q896424,1679,56.01681111,-3.608911111
A/EGD/694,Q896424,1679,56.01681111,-3.608911111
A/EGD/696,Q1016169,1683,55.79388889,-4.863611111
A/EGD/698,Q654216,1683,55.46388889,-4.627777778
A/EGD/699,Q654216,1683,55.46388889,-4.627777778
A/EGD/7,Q34779,1650,55.94861111,-4.547222222
A/EGD/700,Q1020265,1683,55.41666667,-4.383333333
A/EGD/701,Q1020265,1683,55.41666667,-4.383333333
A/EGD/702,Q1020265,1683,55.41666667,-4.383333333
A/EGD/712,Q652035,1683,55.06666667,-3.616666667
A/EGD/715,Q615693,1699,55.86666667,-4.366666667
A/EGD/718,Q615693,1699,55.86666667,-4.366666667
A/EGD/720,Q615693,1699,55.86666667,-4.366666667
A/EGD/722,Q615693,1697,55.86666667,-4.366666667
A/EGD/728,Q217831,1695,55.95,-4.766666667
A/EGD/729,Q2146505,1699,55.8362,-4.5537
A/EGD/733,Q217831,1697,55.95,-4.766666667
A/EGD/734,Q217831,1695,55.95,-4.766666667
A/EGD/735,Q1414040,1699,55.8615,-4.3083
A/EGD/736,Q1414040,1699,55.8615,-4.3083
A/EGD/737,Q1414040,1699,55.8615,-4.3083
A/EGD/742,Q3995788,1708,56.05,-3.55
A/EGD/744,Q652035,1708,55.06666667,-3.616666667
A/EGD/747,Q3776576,1611,56.5776,-3.45195
A/EGD/768,Q615693,1658,55.86666667,-4.366666667
A/EGD/771,Q654216,1651,55.46388889,-4.627777778
A/EGD/773,Q1011387,1658,54.81666667,-4.033333333
A/EGD/774,Q1011387,1656,54.81666667,-4.033333333
A/EGD/775,Q654216,1658,55.46388889,-4.627777778
A/EGD/779,Q1011387,1659,54.81666667,-4.033333333
A/EGD/781,Q1011387,1659,54.81666667,-4.033333333
A/EGD/782,Q652035,1658,55.06666667,-3.616666667
A/EGD/783,Q652035,1659,55.06666667,-3.616666667
A/EGD/785,Q652035,1658,55.06666667,-3.616666667
A/EGD/786,Q1011387,1659,54.81666667,-4.033333333
A/EGD/787,Q4986712,1658,54.942,-3.866
A/EGD/796,Q1017204,1662,55.7194,-2.74855
A/EGD/797,Q1017204,1671,55.7194,-2.74855
A/EGD/799,Q1714424,1671,55.5667,-2.4667
A/EGD/800,Q1714424,1671,55.5667,-2.4667
A/EGD/801,Q1714424,1671,55.5667,-2.4667
A/EGD/803,Q1011507,1679,55.65,-3.18
A/EGD/804,Q1011507,1679,55.65,-3.18
A/EGD/809,Q1017204,1679,55.7194,-2.74855
A/EGD/811,Q7242055,1677,55.9597,-2.961
A/EGD/812,Q5454932,1679,55.9463,-3.0583
A/EGD/813,Q5454932,1679,55.9463,-3.0583
A/EGD/814,Q1011507,1679,55.65,-3.18
A/EGD/815,Q1011691,1708,55.7,-2.466666667
A/EGD/817,Q727520,1709,55.86666667,-3.066666667
A/EGD/819,Q1011685,1704,56.21305556,-2.728611111
A/EGD/820,Q1011685,1704,56.21305556,-2.728611111
A/EGD/822,Q1012401,1587,55.477,-2.546
A/EGD/824,Q1011521,1597,56.05,-3.233333333
A/EGD/825,Q1265921,1598,56.55833333,-3.583333333
A/EGD/826,Q1265921,1598,56.55833333,-3.583333333
A/EGD/831,Q2020376,1598,55.8833,-3.11667
A/EGD/834,Q1020260,1606,55.86944444,-2.090555556
A/EGD/836,Q37718,1609,55.93333333,-3.05
A/EGD/839,Q182923,1617,56.11944444,-3.935833333
A/EGD/849,Q1002133,1612,55.99833333,-2.522777778
A/EGD/850,Q1002133,1612,55.99833333,-2.522777778
A/EGD/851,Q1002133,1612,55.99833333,-2.522777778
A/EGD/852,Q5139565,1613,55.9329,-2.36018
A/EGD/854,Q1012401,1613,55.477,-2.546
A/EGD/855,Q1012401,1613,55.477,-2.546
A/EGD/856,Q1012401,1613,55.477,-2.546
A/EGD/857,Q4567587,1613,57.1281,-2.68667
A/EGD/865,Q614314,1616,56.18888889,-3.973611111
A/EGD/866,Q614314,1615,56.18888889,-3.973611111
A/EGD/871,Q182923,1617,56.11944444,-3.935833333
A/EGD/872,Q810794,1616,55.9024,-3.6431
A/EGD/873,Q810794,1611,55.9024,-3.6431
A/EGD/874,Q810794,1616,55.9024,-3.6431
A/EGD/875,Q1016911,1617,55.97527778,-3.610555556
A/EGD/878,Q654216,1618,55.46388889,-4.627777778
A/EGD/879,Q654216,1618,55.46388889,-4.627777778
A/EGD/880,Q1978003,1618,56.69146111,-2.783638889
A/EGD/881,Q1016911,1618,55.97527778,-3.610555556
A/EGD/884,Q1010416,1621,56.2608,-2.6263
A/EGD/886,Q1010422,1621,56.03333333,-3.383333333
A/EGD/887,Q1010422,1621,56.03333333,-3.383333333
A/EGD/888,Q1010422,1621,56.03333333,-3.383333333
A/EGD/889,Q1010422,1621,56.03333333,-3.383333333
A/EGD/890,Q1010422,1621,56.03333333,-3.383333333
A/EGD/891,Q2424554,1621,56.0554,-3.6293
A/EGD/892,Q691685,1621,56.11073056,-3.167369444
A/EGD/896,Q1017196,1622,54.8675,-4.443888889
A/EGD/898,Q1011336,1622,55.9447,-2.95417
A/EGD/900,Q1016911,1622,55.97527778,-3.610555556
A/EGD/901,Q239193,1622,55.95,-3.4
A/EGD/902,Q2014221,1622,56.0528,-3.3021
A/EGD/903,Q2014221,1622,56.0528,-3.3021
A/EGD/904,Q2014221,1622,56.0528,-3.3021
A/EGD/905,Q2014221,1622,56.0528,-3.3021
A/EGD/906,Q2014221,1622,56.0528,-3.3021
A/EGD/907,Q654216,1622,55.46388889,-4.627777778
A/EGD/908,Q1016169,1622,55.79388889,-4.863611111
A/EGD/909,Q1010422,1623,56.03333333,-3.383333333
A/EGD/910,Q1010422,1623,56.03333333,-3.383333333
A/EGD/911,Q1010422,1623,56.03333333,-3.383333333
A/EGD/912,Q1010422,1623,56.03333333,-3.383333333
A/EGD/913,Q1010422,1623,56.03333333,-3.383333333
A/EGD/914,Q1010422,1623,56.03333333,-3.383333333
A/EGD/915,Q1010422,1623,56.03333333,-3.383333333
A/EGD/916,Q1010422,1623,56.03333333,-3.383333333
A/EGD/917,Q1010422,1623,56.03333333,-3.383333333
A/EGD/918,Q1010422,1623,56.03333333,-3.383333333
A/EGD/919,Q1010422,1623,56.03333333,-3.383333333
A/EGD/920,Q1010422,1623,56.03333333,-3.383333333
A/EGD/921,Q1010422,1623,56.03333333,-3.383333333
A/EGD/922,Q1010422,1623,56.03333333,-3.383333333
A/EGD/923,Q1010422,1623,56.03333333,-3.383333333
A/EGD/927,Q1016911,1624,55.97527778,-3.610555556
A/EGD/928,Q1016911,1624,55.97527778,-3.610555556
A/EGD/929,Q2424554,1624,56.0554,-3.6293
A/EGD/930,Q2424554,1624,56.0554,-3.6293
A/EGD/931,Q2424554,1624,56.0554,-3.6293
A/EGD/932,Q2424554,1624,56.0554,-3.6293
A/EGD/933,Q3995788,1624,56.05,-3.55
A/EGD/934,Q2424554,1624,56.0554,-3.6293
A/EGD/935,Q2424554,1624,56.0554,-3.6293
A/EGD/937,Q1002133,1624,55.99833333,-2.522777778
A/EGD/938,Q1020260,1624,55.86944444,-2.090555556
A/EGD/939,Q1020260,1624,55.86944444,-2.090555556
A/EGD/940,Q1016911,1624,55.97527778,-3.610555556
A/EGD/941,Q1016911,1624,55.97527778,-3.610555556
A/EGD/942,Q1016911,1624,55.97527778,-3.610555556
A/EGD/943,Q1016911,1624,55.97527778,-3.610555556
A/EGD/944,Q1016911,1624,55.97527778,-3.610555556
A/EGD/945,Q1016911,1624,55.97527778,-3.610555556
A/EGD/946,Q2424554,1624,56.0554,-3.6293
A/EGD/947,Q2424554,1624,56.0554,-3.6293
A/EGD/949,Q1016911,1624,55.97527778,-3.610555556
A/EGD/951,Q1002133,1624,55.99833333,-2.522777778
A/EGD/952,Q5017806,1624,58.98,-3.28
A/EGD/954,Q1010416,1625,56.2608,-2.6263
A/EGD/962,Q282073,1626,56.1333,-3.08333
A/EGD/966,Q526576,1626,58.59611111,-3.521111111
A/EGD/976,Q323196,1626,57.0766,-2.77949
A/EGD/98,Q7242055,1591,55.9597,-2.961
A/EGD/988,Q1016738,1627,57.539,-2.46114
A/EGD/989,Q1016738,1627,57.539,-2.46114
A/EGD/991,Q727520,1627,55.86666667,-3.066666667
A/EGD/995,Q211950,1628,56.07138889,-3.461666667
A/EGD/996,Q652035,1628,55.06666667,-3.616666667
A/EGD/997,Q652035,1628,55.06666667,-3.616666667
A/EGD/998,Q652035,1628,55.06666667,-3.616666667
A/EGD/999,Q652035,1628,55.06666667,-3.616666667
A/JO/2536,Q1009902,1643,55.91,-2.89098
A/JO/2560,Q2020424,1649,56.048,-2.785
A/JO/2561,Q1012054,1649,56.058,-2.717
A/JO/2562,Q1012054,1649,56.058,-2.717
A/JO/2563,Q1009902,1649,55.91,-2.89098
A/JO/2568,Q2020424,1649,56.048,-2.785
A/JO/2570,Q5940145,1649,55.8544,-2.86735
A/JO/2571,Q5940145,1649,55.8544,-2.86735
A/JO/2572,Q5940145,1649,55.8544,-2.86735
A/JO/2573,Q5940145,1649,55.8544,-2.86735
A/JO/2574,Q5940145,1649,55.8544,-2.86735
A/JO/2575,Q5940145,1649,55.8544,-2.86735
A/JO/2577,Q1010412,1649,56.01,-2.86
A/JO/2578,Q1010412,1649,56.01,-2.86
A/JO/2579,Q1010412,1649,56.01,-2.86
A/JO/2580,Q1010412,1649,56.01,-2.86
A/JO/2581,Q1010412,1649,56.01,-2.86
A/JO/2582,Q1010412,1649,56.01,-2.86
A/JO/2584,Q5940145,1649,55.8544,-2.86735
A/JO/2588,Q5940145,1649,55.8544,-2.86735
A/JO/2589,Q7607936,1649,55.95,-2.6
A/JO/2598,Q1010412,1650,56.01,-2.86
A/JO/2600,Q1009902,1650,55.91,-2.89098
A/JO/2601,Q1012054,1650,56.058,-2.717
A/JO/2602,Q1009902,1650,55.91,-2.89098
A/JO/2603,Q1009902,1650,55.91,-2.89098
A/JO/2604,Q1009902,1650,55.91,-2.89098
A/JO/2605,Q1009902,1650,55.91,-2.89098
A/JO/2606,Q1009902,1650,55.91,-2.89098
A/JO/2608,Q1012054,1650,56.058,-2.717
A/JO/2609,Q1012054,1650,56.058,-2.717
A/JO/2611,Q1012054,1650,56.058,-2.717
A/JO/2612,Q1012054,1650,56.058,-2.717
A/JO/2613,Q1012054,1650,56.058,-2.717
A/JO/2614,Q1012054,1650,56.058,-2.717
A/JO/2615,Q1012054,1650,56.058,-2.717
A/JO/2616,Q1012054,1650,56.058,-2.717
A/JO/2617,Q1012054,1650,56.058,-2.717
A/JO/2618,Q1009902,1650,55.91,-2.89098
A/JO/2619,Q1009902,1650,55.91,-2.89098
A/JO/2620,Q1009902,1650,55.91,-2.89098
A/JO/2621,Q1009902,1650,55.91,-2.89098
A/JO/2622,Q1009902,1650,55.91,-2.89098
A/JO/2623,Q1009902,1650,55.91,-2.89098
A/JO/2624,Q1009902,1560,55.91,-2.89098
A/JO/2631,Q1009902,1650,55.91,-2.89098
A/JO/2632,Q1009902,1650,55.91,-2.89098
A/JO/2633,Q1009902,1650,55.91,-2.89098
A/JO/2635,Q1009902,1650,55.91,-2.89098
A/JO/2636,Q1009902,1650,55.91,-2.89098
A/JO/2637,Q1009902,1650,55.91,-2.89098
A/JO/2638,Q1009902,1650,55.91,-2.89098
A/JO/2639,Q1012054,1650,56.058,-2.717
A/JO/2640,Q1012054,1650,56.058,-2.717
A/JO/2649,Q1012054,1650,56.058,-2.717
A/JO/2650,Q1012054,1650,56.058,-2.717
A/JO/2677,Q727520,1613,55.86666667,-3.066666667
A/JO/2678,Q4946744,1628,55.8251,-3.0112
A/JO/2679,Q15059253,1628,55.86666667,-3.06666667
A/JO/2680,Q727520,1629,55.86666667,-3.066666667
A/JO/2681,Q727520,1629,55.86666667,-3.066666667
A/JO/2682,Q727520,1629,55.86666667,-3.066666667
A/JO/2683,Q1011428,1629,55.826,-3.22
A/JO/2684,Q15059253,1629,55.86666667,-3.06666667
A/JO/2685,Q1011428,1629,55.826,-3.22
A/JO/2686,Q727520,1630,55.86666667,-3.066666667
A/JO/2687,Q727520,1632,55.86666667,-3.066666667
A/JO/2688,Q727520,1632,55.86666667,-3.066666667
A/JO/2689,Q727520,1641,55.86666667,-3.066666667
A/JO/2690,Q727520,1641,55.86666667,-3.066666667
A/JO/2694,Q4946744,1649,55.8251,-3.0112
A/JO/2695,Q4946744,1649,55.8251,-3.0112
A/JO/2696,Q4946744,1649,55.8251,-3.0112
A/JO/2697,Q4946744,1649,55.8251,-3.0112
A/JO/2701,Q4946744,1649,55.8251,-3.0112
A/JO/2702,Q4946744,1649,55.8251,-3.0112
A/JO/2703,Q4946744,1632,55.8251,-3.0112
A/JO/2705,Q17407801,1649,NA,NA
A/JO/2706,Q727520,1649,55.86666667,-3.066666667
A/JO/2707,Q727520,1649,55.86666667,-3.066666667
A/JO/2708,Q727520,1649,55.86666667,-3.066666667
A/JO/2709,Q727520,1649,55.86666667,-3.066666667
A/JO/2710,Q727520,1649,55.86666667,-3.066666667
A/JO/2711,Q727520,1649,55.86666667,-3.066666667
A/JO/2712,Q727520,1649,55.86666667,-3.066666667
A/JO/2713,Q727520,1649,55.86666667,-3.066666667
A/JO/2714,Q4946744,1650,55.8251,-3.0112
A/JO/2715,Q4946744,1650,55.8251,-3.0112
A/JO/2716,Q727520,1650,55.86666667,-3.066666667
A/JO/2717,Q727520,1650,55.86666667,-3.066666667
A/JO/2723,Q3715916,1661,55.9416,-3.14673
A/JO/2725,Q3715916,1661,55.9416,-3.14673
A/JO/2726,Q239193,1650,55.95,-3.4
A/JO/2727,Q239193,1650,55.95,-3.4
A/JO/2730,Q15059253,1692,55.86666667,-3.06666667
A/JO/2731,Q1016911,1612,55.97527778,-3.610555556
A/JO/2734,Q1016911,1629,55.97527778,-3.610555556
A/JO/2735,Q1016911,1629,55.97527778,-3.610555556
A/JO/2736,Q5327978,1644,55.9,-3.46667
A/JO/2737,Q1016911,1644,55.97527778,-3.610555556
A/JO/2738,Q623687,1644,56.00055556,-3.784444444
A/JO/2739,Q1016911,1648,55.97527778,-3.610555556
A/JO/2741,Q239193,1650,55.95,-3.4
A/JO/2742,Q1011845,1629,55.7526,-3.3554
A/JO/2743,Q1011507,1643,55.65,-3.18
A/JO/2744,Q1011507,1638,55.65,-3.18
A/JO/2745,Q1011507,1649,55.65,-3.18
A/JO/2746,Q1010316,1661,55.6184,-3.05901
A/JO/2748,Q654216,1618,55.46388889,-4.627777778
A/JO/2749,Q425611,1650,55.7784,-2.3426
A/JO/2750,Q2750114,1669,56.82,-5.696
A/JO/2759,Q16845263,1647,55.4657,-2.35187
A/JO/2760,Q5181780,1649,55.5,-2.5
A/JO/2770,Q652035,1692,55.06666667,-3.616666667
A/JO/2773,Q425611,1662,55.7784,-2.3426
A/JO/2774,Q1020260,1661,55.86944444,-2.090555556
A/JO/2775,Q160493,1661,57.48388889,-4.225833333
A/JO/2776,Q160493,1661,57.48388889,-4.225833333
A/JO/2778,Q1017204,1662,55.7194,-2.74855
A/JO/2779,Q1012401,1662,55.477,-2.546
A/JO/2780,Q5016900,1705,NA,NA
A/JO/2781,Q160493,1662,57.48388889,-4.225833333
A/JO/2782,Q160493,1662,57.48388889,-4.225833333
A/JO/2783,Q1016169,1662,55.79388889,-4.863611111
A/JO/2784,Q1017204,1662,55.7194,-2.74855
A/JO/2804,Q1010552,1647,55.638,-3.887
A/JO/2812,Q34779,1649,55.94861111,-4.547222222
A/JO/2813,Q34779,1649,55.94861111,-4.547222222
A/JO/2814,Q34779,1650,55.94861111,-4.547222222
A/JO/2815,Q34779,1650,55.94861111,-4.547222222
A/JO/2816,Q4093370,1650,55.98333333,-4.566666667
A/JO/2817,Q4093370,1650,55.98333333,-4.566666667
A/JO/2818,Q34779,1649,55.94861111,-4.547222222
A/JO/2819,Q1020251,1643,55.947,-4.923
A/JO/2820,Q1020251,1680,55.947,-4.923
A/JO/2821,Q1020251,1680,55.947,-4.923
A/JO/2822,Q2014221,1649,56.0528,-3.3021
A/JO/2823,Q2014221,1661,56.0528,-3.3021
A/JO/2824,Q691685,1643,56.11073056,-3.167369444
A/JO/2826,Q45848,1650,56.73,-2.655277778
A/JO/2827,Q45848,1650,56.73,-2.655277778
A/JO/2828,Q45848,1650,56.73,-2.655277778
A/JO/2829,Q45848,1650,56.73,-2.655277778
A/JO/2830,Q45848,1650,56.73,-2.655277778
A/JO/2874,Q1011416,1650,57.59722222,-4.427777778
A/JO/2875,Q1011416,1672,57.59722222,-4.427777778
A/JO/2876,Q1014090,1708,60.13333333,-1.266666667
A/JO/2877,Q1014090,1708,60.13333333,-1.266666667
A/JO/2878,Q1014090,1708,60.13333333,-1.266666667
A/JO/2879,Q1014090,1708,60.13333333,-1.266666667
A/JO/2880,Q1001935,1650,54.90138889,-5.035
A/JO/2881,Q7084395,1650,54.878,-4.811
A/JO/2882,Q7084395,1650,54.878,-4.811
A/JO/2883,Q7084395,1650,54.878,-4.811
A/JO/2884,Q7084395,1650,54.878,-4.811
A/JO/2885,Q7084395,1650,54.878,-4.811
A/JO/2887,Q652035,1699,55.06666667,-3.616666667
A/JO/2888,Q652035,1697,55.06666667,-3.616666667
A/JO/2889,Q5476354,1597,57.2994,-2.03483
A/JO/2890,Q5476354,1597,57.2994,-2.03483
A/JO/2894,Q4567587,1597,57.1281,-2.68667
A/JO/2901,Q1506018,1643,59.3,-3
A/JO/2902,Q1901485,1643,59.136944,-3.335278
A/JO/2903,Q1265993,1643,59.37339,-2.42583
A/JO/2905,Q1265993,1643,59.37339,-2.42583
A/JO/2906,Q1265993,1643,59.37339,-2.42583
A/JO/2908,Q208329,1642,58.98111111,-2.96
A/JO/2914,Q1265993,1643,59.37339,-2.42583
A/JO/2915,Q2031524,1644,58.9333,-3.15
A/JO/2918,Q1434255,1649,59.05,-2.883333333
A/JO/2920,Q1020227,1650,56.127,-4.173
A/JO/2921,Q758623,1590,56.2932,-3.70614
A/JO/2922,Q15242180,1590,56.157,-3.98
A/JO/2929,Q614314,1592,56.18888889,-3.973611111
A/JO/2939,Q15059193,1630,56.768806,-2.767259
A/JO/2943,Q7231194,1603,56.184,-4.285
A/JO/2944,Q182923,1613,56.11944444,-3.935833333
A/JO/2945,Q182923,1615,56.11944444,-3.935833333
A/JO/2947,Q1010098,1633,56.1091,-3.74652
A/JO/2948,Q614314,1658,56.18888889,-3.973611111
A/JO/2949,Q1009331,1658,56.11666667,-3.8
A/JO/2956,Q4567587,1597,57.1281,-2.68667
A/JO/2958,Q5173194,1649,55.9429,-3.28544
A/JO/2959,Q5173194,1649,55.9429,-3.28544
A/JO/2960,Q5173194,1649,55.9429,-3.28544
A/JO/2961,Q1011133,1649,55.9167,-3.36667
A/JO/2964,Q5173194,1649,55.9429,-3.28544
A/JO/2965,Q1249896,1649,55.9667,-3.3
A/JO/2966,Q123709,1670,56.464,-2.97
A/JO/2967,Q4567587,1597,57.1281,-2.68667
A/JO/2969,Q1741697,1597,57.0869,-2.67399
A/JO/3009,Q2731694,1661,55.9366,-3.0468
A/JO/3010,Q15059253,1661,55.86666667,-3.06666667
A/JO/3011,Q15059253,1661,55.86666667,-3.06666667
A/JO/3012,Q15059253,1661,55.86666667,-3.06666667
A/JO/3013,Q15059253,1661,55.86666667,-3.06666667
A/JO/3014,Q15059253,1661,55.86666667,-3.06666667
A/JO/3018,Q1987199,1649,56.411,-3.043
A/JO/3019,Q1012047,1649,56.3194,-3.01155
A/LA/2557,Q323196,1626,57.0766,-2.77949
A/LA/2585,Q1020260,1629,55.86944444,-2.090555556
A/LA/2591,Q1013757,1591,55.46666667,-4.3
A/LA/3162,Q1020950,1636,55.912,-4.8735
A/LA/3168,Q1002133,1636,55.99833333,-2.522777778
A/LA/3169,Q1002133,1636,55.99833333,-2.522777778
A/LA/3170,Q1002133,1636,55.99833333,-2.522777778
A/LA/3171,Q1002133,1636,55.99833333,-2.522777778
A/LA/3172,Q1002133,1636,55.99833333,-2.522777778
A/LA/3173,Q1002133,1636,55.99833333,-2.522777778
A/LA/3174,Q652035,1636,55.06666667,-3.616666667
A/LA/3176,Q526576,1636,58.59611111,-3.521111111
A/LA/3182,Q425611,1642,55.7784,-2.3426
A/LA/3208,Q630668,1568,56.56138611,-2.585705556
A/LA/2652,Q1010422,1621,56.03333333,-3.383333333
A/LA/2655,Q37718,1661,55.93333333,-3.05
A/LA/2671,Q727520,1649,55.86666667,-3.066666667
A/LA/2672,Q727520,1649,55.86666667,-3.066666667
A/LA/2674,Q727520,1661,55.86666667,-3.066666667
A/LA/2675,Q727520,1661,55.86666667,-3.066666667
A/LA/2676,Q727520,1661,55.86666667,-3.066666667
A/LA/2678,Q3715916,1661,55.9416,-3.14673
A/LA/2680,Q4138314,1661,55.905,-3.13083
A/LA/2681,Q727520,1657,55.86666667,-3.066666667
A/LA/2689,Q37718,1661,55.93333333,-3.05
A/LA/2690,Q727520,1661,55.86666667,-3.066666667
A/LA/2691,Q727520,1661,55.86666667,-3.066666667
A/LA/2692,Q727520,1661,55.86666667,-3.066666667
A/LA/2696,Q4138314,1661,55.905,-3.13083
A/LA/2698,Q184579,1661,53.58333333,-2.433333333
A/LA/2727,Q727520,1661,55.86666667,-3.066666667
A/LA/2728,Q6415696,1590,54.8167,-4.45
A/LA/2730,Q7242055,1628,55.9597,-2.961
A/LA/2747,Q654216,1587,55.46388889,-4.627777778
A/LA/2748,Q654216,1595,55.46388889,-4.627777778
A/LA/2749,Q425611,1630,55.7784,-2.3426
A/LA/2758,Q1011387,1671,54.81666667,-4.033333333
A/LA/2760,Q2424554,1675,56.0554,-3.6293
A/LA/2772,Q116756,1604,54.594,-5.813
A/LA/2777,Q1011416,1590,57.59722222,-4.427777778
A/LA/2779,Q1018540,1590,55.9801,-3.17005
A/LA/2780,Q1018540,1591,55.9801,-3.17005
A/LA/2794,Q182923,1591,56.11944444,-3.935833333
A/LA/2801,Q1011368,1644,55.7006,-3.625
A/LA/2802,Q615693,1650,55.86666667,-4.366666667
A/LA/2803,Q1901485,1629,59.136944,-3.335278
A/LA/2807,Q182923,1658,56.11944444,-3.935833333
A/LA/2808,Q182923,1659,56.11944444,-3.935833333
A/LA/2821,Q182923,1683,56.11944444,-3.935833333
A/LA/2826,Q615693,1697,55.86666667,-4.366666667
A/LA/2827,Q1002133,1644,55.99833333,-2.522777778
A/LA/2828,Q1002133,1644,55.99833333,-2.522777778
A/LA/2830,Q1002133,1644,55.99833333,-2.522777778
A/LA/2831,Q615693,1697,55.86666667,-4.366666667
A/LA/2832,Q615693,1697,55.86666667,-4.366666667
A/LA/2833,Q615693,1697,55.86666667,-4.366666667
A/LA/2834,Q615693,1697,55.86666667,-4.366666667
A/LA/2835,Q615693,1697,55.86666667,-4.366666667
A/LA/2836,Q3797631,1697,55.8833,-4.41667
A/LA/2837,Q3797631,1697,55.8833,-4.41667
A/LA/2838,Q615693,1697,55.86666667,-4.366666667
A/LA/2839,Q615693,1697,55.86666667,-4.366666667
A/LA/2840,Q615693,1697,55.86666667,-4.366666667
A/LA/2841,Q217831,1697,55.95,-4.766666667
A/LA/2842,Q615693,1697,55.86666667,-4.366666667
A/LA/2843,Q615693,1697,55.86666667,-4.366666667
A/LA/2844,Q217831,1697,55.95,-4.766666667
A/LA/2846,Q615693,1697,55.86666667,-4.366666667
A/LA/2852,Q615693,1699,55.86666667,-4.366666667
A/LA/2853,Q615693,1699,55.86666667,-4.366666667
A/LA/2854,Q217831,1699,55.95,-4.766666667
A/LA/2855,Q615693,1699,55.86666667,-4.366666667
A/LA/2857,Q615693,1699,55.86666667,-4.366666667
A/LA/2859,Q615693,1699,55.86666667,-4.366666667
A/LA/2861,Q1414040,1699,55.8615,-4.3083
A/LA/2862,Q1414040,1699,55.8615,-4.3083
A/LA/2864,Q1414040,1699,55.8615,-4.3083
A/LA/2865,Q1414040,1699,55.8615,-4.3083
A/LA/2866,Q1414040,1699,55.8615,-4.3083
A/LA/2871,Q1414040,1699,55.8615,-4.3083
A/LA/2872,Q1414040,1699,55.8615,-4.3083
A/LA/2876,Q7242055,1629,55.9597,-2.961
A/LA/2878,Q1020260,1629,55.86944444,-2.090555556
A/LA/2879,Q1020260,1629,55.86944444,-2.090555556
A/LA/2882,Q1020260,1629,55.86944444,-2.090555556
A/LA/2883,Q1020260,1629,55.86944444,-2.090555556
A/LA/2885,Q425611,1629,55.7784,-2.3426
A/LA/2887,Q425611,1629,55.7784,-2.3426
A/LA/2888,Q425611,1629,55.7784,-2.3426
A/LA/2889,Q425611,1629,55.7784,-2.3426
A/LA/2890,Q425611,1629,55.7784,-2.3426
A/LA/2896,Q182923,1658,56.11944444,-3.935833333
A/LA/2901,Q182923,1677,56.11944444,-3.935833333
A/LA/2909,Q213485,1604,60.15416667,-1.148611111
A/LA/2910,Q931770,1614,59.35,-2.9
A/LA/2911,Q586660,1616,60.61666667,-0.866666667
A/LA/2912,Q1901485,1660,59.136944,-3.335278
A/LA/2914,Q1434255,1659,59.05,-2.883333333
A/LA/2926,Q727520,1678,55.86666667,-3.066666667
A/LA/2927,Q727520,1678,55.86666667,-3.066666667
A/LA/2928,Q896424,1679,56.01681111,-3.608911111
A/LA/2929,Q896424,1679,56.01681111,-3.608911111
A/LA/2930,Q896424,1679,56.01681111,-3.608911111
A/LA/2931,Q896424,1679,56.01681111,-3.608911111
A/LA/2932,Q896424,1679,56.01681111,-3.608911111
A/LA/2933,Q896424,1679,56.01681111,-3.608911111
A/LA/2934,Q896424,1679,56.01681111,-3.608911111
A/LA/2935,Q896424,1679,56.01681111,-3.608911111
A/LA/2936,Q1016911,1679,55.97527778,-3.610555556
A/LA/2938,Q896424,1679,56.01681111,-3.608911111
A/LA/2939,Q1016911,1679,55.97527778,-3.610555556
A/LA/2940,Q1016911,1679,55.97527778,-3.610555556
A/LA/2941,Q1016911,1679,55.97527778,-3.610555556
A/LA/2942,Q1016911,1679,55.97527778,-3.610555556
A/LA/2943,Q1016911,1679,55.97527778,-3.610555556
A/LA/2950,Q1017204,1679,55.7194,-2.74855
A/LA/2951,Q425611,1679,55.7784,-2.3426
A/LA/2952,Q1017204,1679,55.7194,-2.74855
A/LA/2958,Q652035,1679,55.06666667,-3.616666667
A/LA/2959,Q1018540,1579,55.9801,-3.17005
A/LA/2960,Q1018540,1579,55.9801,-3.17005
A/LA/2963,Q1010416,1643,56.2608,-2.6263
A/LA/2964,Q1010416,1643,56.2608,-2.6263
A/LA/2965,Q1010416,1643,56.2608,-2.6263
A/LA/2966,Q1010416,1643,56.2608,-2.6263
A/LA/2967,Q1010416,1643,56.2608,-2.6263
A/LA/2968,Q1010416,1643,56.2608,-2.6263
A/LA/2969,Q1010416,1643,56.2608,-2.6263
A/LA/2970,Q1010416,1643,56.2608,-2.6263
A/LA/2971,Q1010416,1643,56.2608,-2.6263
A/LA/2972,Q1010416,1643,56.2608,-2.6263
A/LA/2973,Q1010416,1643,56.2608,-2.6263
A/LA/2975,Q1010416,1643,56.2608,-2.6263
A/LA/2976,Q1010416,1643,56.2608,-2.6263
A/LA/2978,Q1010416,1643,56.2608,-2.6263
A/LA/2979,Q1010416,1643,56.2608,-2.6263
A/LA/2980,Q1011336,1649,55.9447,-2.95417
A/LA/2981,Q1010422,1649,56.03333333,-3.383333333
A/LA/2987,Q652035,1659,55.06666667,-3.616666667
A/LA/2989,Q219530,1658,56.231,-5.073
A/LA/2992,Q654216,1650,55.46388889,-4.627777778
A/LA/2993,Q1010098,1658,56.1091,-3.74652
A/LA/2994,Q652035,1658,55.06666667,-3.616666667
A/LA/2996,Q1011387,1658,54.81666667,-4.033333333
A/LA/2997,Q1011387,1658,54.81666667,-4.033333333
A/LA/3017,Q1011336,1659,55.9447,-2.95417
A/LA/3023,Q654216,1583,55.46388889,-4.627777778
A/LA/3024,Q654216,1583,55.46388889,-4.627777778
A/LA/3025,Q654216,1583,55.46388889,-4.627777778
A/LA/3026,Q654216,1583,55.46388889,-4.627777778
A/LA/3027,Q654216,1583,55.46388889,-4.627777778
A/LA/3028,Q654216,1583,55.46388889,-4.627777778
A/LA/3029,Q654216,1583,55.46388889,-4.627777778
A/LA/3031,Q654216,1583,55.46388889,-4.627777778
A/LA/3032,Q654216,1595,55.46388889,-4.627777778
A/LA/3033,Q654216,1599,55.46388889,-4.627777778
A/LA/3034,Q116756,1602,54.594,-5.813
A/LA/3035,Q654216,1614,55.46388889,-4.627777778
A/LA/3036,Q654216,1618,55.46388889,-4.627777778
A/LA/3037,Q654216,1624,55.46388889,-4.627777778
A/LA/3038,Q654216,1643,55.46388889,-4.627777778
A/LA/3039,Q1016169,1650,55.79388889,-4.863611111
A/LA/3040,Q1016169,1650,55.79388889,-4.863611111
A/LA/3050,Q1016169,1650,55.79388889,-4.863611111
A/LA/3051,Q1016169,1650,55.79388889,-4.863611111
A/LA/3052,Q1016169,1650,55.79388889,-4.863611111
A/LA/3053,Q1013827,1650,55.65,-4.7
A/LA/3054,Q654216,1650,55.46388889,-4.627777778
A/LA/3056,Q1013827,1650,55.65,-4.7
A/LA/3057,Q640073,1650,55.6432,-4.8097
A/LA/3058,Q640073,1650,55.6432,-4.8097
A/LA/3060,Q1016743,1650,55.75,-4.7
A/LA/3061,Q1016743,1650,55.75,-4.7
A/LA/3071,Q654216,1651,55.46388889,-4.627777778
A/LA/3072,Q654216,1671,55.46388889,-4.627777778
A/LA/3074,Q1011387,1698,54.81666667,-4.033333333
A/LA/3076,Q3797631,1697,55.8833,-4.41667
A/LA/3077,Q980084,1662,57.58333333,-3.866666667
A/LA/3078,Q980084,1662,57.58333333,-3.866666667
A/LA/3079,Q1985973,1662,57.5765,-3.81595
A/LA/3080,Q980084,1662,57.58333333,-3.866666667
A/LA/3082,Q980084,1662,57.58333333,-3.866666667
A/LA/3083,Q1985973,1662,57.5765,-3.81595
A/LA/3084,Q652035,1630,55.06666667,-3.616666667
A/LA/3085,Q165845,1631,58.209,-6.387
A/LA/3086,Q4937612,1631,55.8965,-3.6084
A/LA/3089,Q758623,1631,56.2932,-3.70614
A/LA/3090,Q758623,1631,56.2932,-3.70614
A/LA/3092,Q217831,1631,55.95,-4.766666667
A/LA/3093,Q217831,1631,55.95,-4.766666667
A/LA/3094,Q217831,1631,55.95,-4.766666667
A/LA/3096,Q217831,1631,55.95,-4.766666667
A/LA/3097,Q217831,1631,55.95,-4.766666667
A/LA/3098,Q217831,1631,55.95,-4.766666667
A/LA/3099,Q217831,1631,55.95,-4.766666667
A/LA/3100,Q217831,1631,55.95,-4.766666667
A/LA/3101,Q217831,1631,55.95,-4.766666667
A/LA/3104,Q217831,1632,55.95,-4.766666667
A/LA/3105,Q1020950,1632,55.912,-4.8735
A/LA/3106,Q217831,1632,55.95,-4.766666667
A/LA/3108,Q1010175,1632,55.9005,-4.46234
A/LA/3117,Q654216,1642,55.46388889,-4.627777778
A/LA/3127,Q211950,1649,56.07138889,-3.461666667
A/LA/3128,Q727520,1649,55.86666667,-3.066666667
A/LA/3132,Q1011507,1649,55.65,-3.18
A/LA/3133,Q1011507,1649,55.65,-3.18
A/LA/3135,Q1012401,1632,55.477,-2.546
A/LA/3138,Q182923,1633,56.11944444,-3.935833333
A/LA/3141,Q1011416,1633,57.59722222,-4.427777778
A/LA/3142,Q1011416,1633,57.59722222,-4.427777778
A/LA/3143,Q1011416,1633,57.59722222,-4.427777778
A/LA/3144,Q1020260,1633,55.86944444,-2.090555556
A/LA/3150,Q1020260,1633,55.86944444,-2.090555556
A/LA/3151,Q1020260,1633,55.86944444,-2.090555556
A/LA/3153,Q6407962,1634,56.838,-5.102
A/LA/3155,Q6407962,1643,56.838,-5.102
A/LA/3156,Q1020232,1634,57.97,-3.97
A/LA/3209,Q630668,1568,56.56138611,-2.585705556
A/LA/3210,Q630668,1568,56.56138611,-2.585705556
A/LA/3211,Q630668,1568,56.56138611,-2.585705556
A/LA/3212,Q630668,1568,56.56138611,-2.585705556
A/LA/3213,Q630668,1568,56.56138611,-2.585705556
A/LA/3214,Q630668,1568,56.56138611,-2.585705556
A/LA/3216,Q630668,1568,56.56138611,-2.585705556
A/LA/3217,Q630668,1568,56.56138611,-2.585705556
A/LA/3218,Q630668,1568,56.56138611,-2.585705556
A/LA/3219,Q630668,1568,56.56138611,-2.585705556
A/LA/3220,Q630668,1568,56.56138611,-2.585705556
A/LA/3221,Q630668,1568,56.56138611,-2.585705556
A/LA/3222,Q630668,1568,56.56138611,-2.585705556
A/LA/3223,Q996509,1568,56.64305556,-2.89
A/LA/3224,Q996509,1568,56.64305556,-2.89
A/LA/3225,Q996509,1568,56.64305556,-2.89
A/LA/3229,Q630668,1568,56.56138611,-2.585705556
A/LA/3230,Q996509,1568,56.64305556,-2.89
A/LA/3231,Q7130181,1568,56.5123,-2.69869
A/LA/3232,Q6704142,1568,56.5152,-3.15378
A/LA/3233,Q4784709,1568,56.5572,-2.64675
A/LA/3235,Q996509,1568,56.64305556,-2.89
A/LA/3237,Q1018733,1568,56.5869,-3.16417
A/LA/3243,Q996509,1568,56.64305556,-2.89
A/LA/3244,Q996509,1568,56.64305556,-2.89